{"v":"5.1.20","fr":29.9700012207031,"ip":0,"op":91.000003706506,"w":1500,"h":1000,"nm":"myself-turned","ddd":0,"assets":[],"layers":[{"ddd":0,"ind":1,"ty":4,"nm":"C_Elow L Outlines","sr":1,"ks":{"o":{"a":0,"k":0,"ix":11},"r":{"a":0,"k":0,"ix":10},"p":{"a":1,"k":[{"i":{"x":0.833,"y":0.833},"o":{"x":0.167,"y":0.167},"n":"0p833_0p833_0p167_0p167","t":0,"s":[852.81,552.011,0],"e":[592.81,524.011,0],"to":[-43.3333320617676,-4.66666650772095,0],"ti":[0,0,0]},{"i":{"x":0.833,"y":0.833},"o":{"x":0.167,"y":0.167},"n":"0p833_0p833_0p167_0p167","t":15,"s":[592.81,524.011,0],"e":[852.81,552.011,0],"to":[0,0,0],"ti":[0,0,0]},{"i":{"x":0.833,"y":0.833},"o":{"x":0.167,"y":0.167},"n":"0p833_0p833_0p167_0p167","t":30,"s":[852.81,552.011,0],"e":[592.81,524.011,0],"to":[0,0,0],"ti":[0,0,0]},{"i":{"x":0.833,"y":0.833},"o":{"x":0.167,"y":0.167},"n":"0p833_0p833_0p167_0p167","t":45,"s":[592.81,524.011,0],"e":[852.81,552.011,0],"to":[0,0,0],"ti":[-8,-12.6666669845581,0]},{"i":{"x":0.833,"y":0.833},"o":{"x":0.167,"y":0.167},"n":"0p833_0p833_0p167_0p167","t":60,"s":[852.81,552.011,0],"e":[640.81,600.011,0],"to":[8,12.6666669845581,0],"ti":[35.3333320617676,-8,0]},{"t":63.0000025660426}],"ix":2},"a":{"a":0,"k":[0,0,0],"ix":1},"s":{"a":0,"k":[100,100,100],"ix":6}},"ao":0,"ef":[{"ty":5,"nm":"IK Elow L Outlines","np":13,"mn":"PSEUDO/DUIK_Two_Layer_IK_v2","ix":1,"en":1,"ef":[{"ty":7,"nm":"Clockwise","mn":"PSEUDO/DUIK_Two_Layer_IK_v2-0001","ix":1,"v":{"a":0,"k":1,"ix":1}},{"ty":6,"nm":"FK","mn":"PSEUDO/DUIK_Two_Layer_IK_v2-0002","ix":2,"v":0},{"ty":7,"nm":"Disable IK","mn":"PSEUDO/DUIK_Two_Layer_IK_v2-0003","ix":3,"v":{"a":0,"k":0,"ix":3}},{"ty":0,"nm":"Upper FK","mn":"PSEUDO/DUIK_Two_Layer_IK_v2-0004","ix":4,"v":{"a":0,"k":0,"ix":4}},{"ty":0,"nm":"Lower FK","mn":"PSEUDO/DUIK_Two_Layer_IK_v2-0005","ix":5,"v":{"a":0,"k":0,"ix":5}},{"ty":6,"nm":"","mn":"PSEUDO/DUIK_Two_Layer_IK_v2-0006","ix":6,"v":0},{"ty":6,"nm":"Stretch","mn":"PSEUDO/DUIK_Two_Layer_IK_v2-0007","ix":7,"v":0},{"ty":7,"nm":"Auto-Stretch","mn":"PSEUDO/DUIK_Two_Layer_IK_v2-0008","ix":8,"v":{"a":0,"k":0,"ix":8}},{"ty":0,"nm":"Stretch","mn":"PSEUDO/DUIK_Two_Layer_IK_v2-0009","ix":9,"v":{"a":0,"k":0,"ix":9}},{"ty":0,"nm":"Auto-Shrink","mn":"PSEUDO/DUIK_Two_Layer_IK_v2-0010","ix":10,"v":{"a":0,"k":0,"ix":10}},{"ty":6,"nm":"","mn":"PSEUDO/DUIK_Two_Layer_IK_v2-0011","ix":11,"v":0}]}],"shapes":[{"ty":"gr","it":[{"ty":"gr","it":[{"d":1,"ty":"el","s":{"a":0,"k":[30,30],"ix":2},"p":{"a":0,"k":[0,0],"ix":3},"nm":"Ellipse Path 1","mn":"ADBE Vector Shape - Ellipse","hd":false},{"ty":"tm","s":{"a":0,"k":0,"ix":1},"e":{"a":0,"k":85,"ix":2},"o":{"a":0,"k":0,"ix":3},"m":1,"ix":2,"nm":"Trim Paths 1","mn":"ADBE Vector Filter - Trim","hd":false},{"ind":2,"ty":"sh","ix":3,"ks":{"a":0,"k":{"i":[[0,0],[0,0]],"o":[[0,0],[0,0]],"v":[[0,-15],[10,-20]],"c":false},"ix":2},"nm":"Path 1","mn":"ADBE Vector Shape - Group","hd":false},{"ty":"st","c":{"a":0,"k":[1,1,1,1],"ix":3},"o":{"a":0,"k":100,"ix":4},"w":{"a":0,"k":2,"ix":5},"lc":1,"lj":1,"ml":4,"nm":"Stroke 1","mn":"ADBE Vector Graphic - Stroke","hd":false},{"ty":"tr","p":{"a":0,"k":[0,0],"ix":2},"a":{"a":0,"k":[0,0],"ix":1},"s":{"a":0,"k":[100,100],"ix":3},"r":{"a":0,"k":-20,"ix":6},"o":{"a":0,"k":100,"ix":7},"sk":{"a":0,"k":0,"ix":4},"sa":{"a":0,"k":0,"ix":5},"nm":"Transform"}],"nm":"Rotation","np":4,"cix":2,"ix":1,"mn":"ADBE Vector Group","hd":false},{"ty":"gr","it":[{"ind":0,"ty":"sh","ix":1,"ks":{"a":0,"k":{"i":[[0,0],[0,0]],"o":[[0,0],[0,0]],"v":[[15,0],[-15,0]],"c":false},"ix":2},"nm":"Path 1","mn":"ADBE Vector Shape - Group","hd":false},{"ind":1,"ty":"sh","ix":2,"ks":{"a":0,"k":{"i":[[0,0],[0,0],[0,0]],"o":[[0,0],[0,0],[0,0]],"v":[[10,-7],[15,0],[10,7]],"c":false},"ix":2},"nm":"Path 2","mn":"ADBE Vector Shape - Group","hd":false},{"ind":2,"ty":"sh","ix":3,"ks":{"a":0,"k":{"i":[[0,0],[0,0],[0,0]],"o":[[0,0],[0,0],[0,0]],"v":[[-10,7],[-15,0],[-10,-7]],"c":false},"ix":2},"nm":"Path 3","mn":"ADBE Vector Shape - Group","hd":false},{"ty":"st","c":{"a":0,"k":[1,1,1,1],"ix":3},"o":{"a":0,"k":100,"ix":4},"w":{"a":0,"k":2,"ix":5},"lc":1,"lj":1,"ml":4,"nm":"Stroke 1","mn":"ADBE Vector Graphic - Stroke","hd":false},{"ty":"tr","p":{"a":0,"k":[0,0],"ix":2},"a":{"a":0,"k":[0,0],"ix":1},"s":{"a":0,"k":[70,70],"ix":3},"r":{"a":0,"k":0,"ix":6},"o":{"a":0,"k":100,"ix":7},"sk":{"a":0,"k":0,"ix":4},"sa":{"a":0,"k":0,"ix":5},"nm":"Transform"}],"nm":"xPosition","np":4,"cix":2,"ix":2,"mn":"ADBE Vector Group","hd":false},{"ty":"gr","it":[{"ind":0,"ty":"sh","ix":1,"ks":{"a":0,"k":{"i":[[0,0],[0,0]],"o":[[0,0],[0,0]],"v":[[0,-15],[0,15]],"c":false},"ix":2},"nm":"Path 1","mn":"ADBE Vector Shape - Group","hd":false},{"ind":1,"ty":"sh","ix":2,"ks":{"a":0,"k":{"i":[[0,0],[0,0],[0,0]],"o":[[0,0],[0,0],[0,0]],"v":[[-7,10],[0,15],[7,10]],"c":false},"ix":2},"nm":"Path 2","mn":"ADBE Vector Shape - Group","hd":false},{"ind":2,"ty":"sh","ix":3,"ks":{"a":0,"k":{"i":[[0,0],[0,0],[0,0]],"o":[[0,0],[0,0],[0,0]],"v":[[-7,-10],[0,-15],[7,-10]],"c":false},"ix":2},"nm":"Path 3","mn":"ADBE Vector Shape - Group","hd":false},{"ty":"st","c":{"a":0,"k":[1,1,1,1],"ix":3},"o":{"a":0,"k":100,"ix":4},"w":{"a":0,"k":2,"ix":5},"lc":1,"lj":1,"ml":4,"nm":"Stroke 1","mn":"ADBE Vector Graphic - Stroke","hd":false},{"ty":"tr","p":{"a":0,"k":[0,0],"ix":2},"a":{"a":0,"k":[0,0],"ix":1},"s":{"a":0,"k":[70,70],"ix":3},"r":{"a":0,"k":0,"ix":6},"o":{"a":0,"k":100,"ix":7},"sk":{"a":0,"k":0,"ix":4},"sa":{"a":0,"k":0,"ix":5},"nm":"Transform"}],"nm":"yPosition","np":4,"cix":2,"ix":3,"mn":"ADBE Vector Group","hd":false},{"ty":"tr","p":{"a":0,"k":[0,0],"ix":2},"a":{"a":0,"k":[0,0],"ix":1},"s":{"a":0,"k":[206.667,206.667],"ix":3},"r":{"a":0,"k":0,"ix":6},"o":{"a":0,"k":100,"ix":7},"sk":{"a":0,"k":0,"ix":4},"sa":{"a":0,"k":0,"ix":5},"nm":"Transform"}],"nm":"Icon","np":3,"cix":2,"ix":1,"mn":"ADBE Vector Group","hd":false}],"ip":0,"op":900.000036657751,"st":0,"bm":0},{"ddd":0,"ind":2,"ty":4,"nm":"C_Knee L Outlines","sr":1,"ks":{"o":{"a":0,"k":1,"ix":11},"r":{"a":0,"k":0,"ix":10},"p":{"a":1,"k":[{"i":{"x":0.833,"y":0.833},"o":{"x":0.167,"y":0.167},"n":"0p833_0p833_0p167_0p167","t":0,"s":[506,630.967,0],"e":[703.003,868.967,0],"to":[0,0,0],"ti":[0,0,0]},{"i":{"x":0.833,"y":0.833},"o":{"x":0.167,"y":0.167},"n":"0p833_0p833_0p167_0p167","t":7.5,"s":[703.003,868.967,0],"e":[864,682.967,0],"to":[0,0,0],"ti":[0,0,0]},{"i":{"x":0.833,"y":0.833},"o":{"x":0.167,"y":0.167},"n":"0p833_0p833_0p167_0p167","t":15,"s":[864,682.967,0],"e":[506,630.967,0],"to":[0,0,0],"ti":[0,0,0]},{"i":{"x":0.833,"y":0.833},"o":{"x":0.167,"y":0.167},"n":"0p833_0p833_0p167_0p167","t":30,"s":[506,630.967,0],"e":[703.003,868.967,0],"to":[0,0,0],"ti":[0,0,0]},{"i":{"x":0.833,"y":0.833},"o":{"x":0.167,"y":0.167},"n":"0p833_0p833_0p167_0p167","t":37.5,"s":[703.003,868.967,0],"e":[864,682.967,0],"to":[0,0,0],"ti":[0,0,0]},{"i":{"x":0.833,"y":0.833},"o":{"x":0.167,"y":0.167},"n":"0p833_0p833_0p167_0p167","t":45,"s":[864,682.967,0],"e":[506,630.967,0],"to":[0,0,0],"ti":[0,0,0]},{"i":{"x":0.833,"y":0.833},"o":{"x":0.167,"y":0.167},"n":"0p833_0p833_0p167_0p167","t":60,"s":[506,630.967,0],"e":[654,860.967,0],"to":[0,0,0],"ti":[0,0,0]},{"i":{"x":0.833,"y":0.833},"o":{"x":0.167,"y":0.167},"n":"0p833_0p833_0p167_0p167","t":63,"s":[654,860.967,0],"e":[694,876.967,0],"to":[0,0,0],"ti":[0,0,0]},{"t":71.0000028918893}],"ix":2},"a":{"a":0,"k":[0,0,0],"ix":1},"s":{"a":0,"k":[100,100,100],"ix":6}},"ao":0,"ef":[{"ty":5,"nm":"IK Knee L Outlines","np":13,"mn":"PSEUDO/DUIK_Two_Layer_IK_v2","ix":1,"en":1,"ef":[{"ty":7,"nm":"Clockwise","mn":"PSEUDO/DUIK_Two_Layer_IK_v2-0001","ix":1,"v":{"a":0,"k":0,"ix":1}},{"ty":6,"nm":"FK","mn":"PSEUDO/DUIK_Two_Layer_IK_v2-0002","ix":2,"v":0},{"ty":7,"nm":"Disable IK","mn":"PSEUDO/DUIK_Two_Layer_IK_v2-0003","ix":3,"v":{"a":0,"k":0,"ix":3}},{"ty":0,"nm":"Upper FK","mn":"PSEUDO/DUIK_Two_Layer_IK_v2-0004","ix":4,"v":{"a":0,"k":0,"ix":4}},{"ty":0,"nm":"Lower FK","mn":"PSEUDO/DUIK_Two_Layer_IK_v2-0005","ix":5,"v":{"a":0,"k":0,"ix":5}},{"ty":6,"nm":"","mn":"PSEUDO/DUIK_Two_Layer_IK_v2-0006","ix":6,"v":0},{"ty":6,"nm":"Stretch","mn":"PSEUDO/DUIK_Two_Layer_IK_v2-0007","ix":7,"v":0},{"ty":7,"nm":"Auto-Stretch","mn":"PSEUDO/DUIK_Two_Layer_IK_v2-0008","ix":8,"v":{"a":0,"k":0,"ix":8}},{"ty":0,"nm":"Stretch","mn":"PSEUDO/DUIK_Two_Layer_IK_v2-0009","ix":9,"v":{"a":0,"k":0,"ix":9}},{"ty":0,"nm":"Auto-Shrink","mn":"PSEUDO/DUIK_Two_Layer_IK_v2-0010","ix":10,"v":{"a":0,"k":0,"ix":10}},{"ty":6,"nm":"","mn":"PSEUDO/DUIK_Two_Layer_IK_v2-0011","ix":11,"v":0}]}],"shapes":[{"ty":"gr","it":[{"ty":"gr","it":[{"d":1,"ty":"el","s":{"a":0,"k":[30,30],"ix":2},"p":{"a":0,"k":[0,0],"ix":3},"nm":"Ellipse Path 1","mn":"ADBE Vector Shape - Ellipse","hd":false},{"ty":"tm","s":{"a":0,"k":0,"ix":1},"e":{"a":0,"k":85,"ix":2},"o":{"a":0,"k":0,"ix":3},"m":1,"ix":2,"nm":"Trim Paths 1","mn":"ADBE Vector Filter - Trim","hd":false},{"ind":2,"ty":"sh","ix":3,"ks":{"a":0,"k":{"i":[[0,0],[0,0]],"o":[[0,0],[0,0]],"v":[[0,-15],[10,-20]],"c":false},"ix":2},"nm":"Path 1","mn":"ADBE Vector Shape - Group","hd":false},{"ty":"st","c":{"a":0,"k":[1,1,1,1],"ix":3},"o":{"a":0,"k":100,"ix":4},"w":{"a":0,"k":2,"ix":5},"lc":1,"lj":1,"ml":4,"nm":"Stroke 1","mn":"ADBE Vector Graphic - Stroke","hd":false},{"ty":"tr","p":{"a":0,"k":[0,0],"ix":2},"a":{"a":0,"k":[0,0],"ix":1},"s":{"a":0,"k":[100,100],"ix":3},"r":{"a":0,"k":-20,"ix":6},"o":{"a":0,"k":100,"ix":7},"sk":{"a":0,"k":0,"ix":4},"sa":{"a":0,"k":0,"ix":5},"nm":"Transform"}],"nm":"Rotation","np":4,"cix":2,"ix":1,"mn":"ADBE Vector Group","hd":false},{"ty":"gr","it":[{"ind":0,"ty":"sh","ix":1,"ks":{"a":0,"k":{"i":[[0,0],[0,0]],"o":[[0,0],[0,0]],"v":[[15,0],[-15,0]],"c":false},"ix":2},"nm":"Path 1","mn":"ADBE Vector Shape - Group","hd":false},{"ind":1,"ty":"sh","ix":2,"ks":{"a":0,"k":{"i":[[0,0],[0,0],[0,0]],"o":[[0,0],[0,0],[0,0]],"v":[[10,-7],[15,0],[10,7]],"c":false},"ix":2},"nm":"Path 2","mn":"ADBE Vector Shape - Group","hd":false},{"ind":2,"ty":"sh","ix":3,"ks":{"a":0,"k":{"i":[[0,0],[0,0],[0,0]],"o":[[0,0],[0,0],[0,0]],"v":[[-10,7],[-15,0],[-10,-7]],"c":false},"ix":2},"nm":"Path 3","mn":"ADBE Vector Shape - Group","hd":false},{"ty":"st","c":{"a":0,"k":[1,1,1,1],"ix":3},"o":{"a":0,"k":100,"ix":4},"w":{"a":0,"k":2,"ix":5},"lc":1,"lj":1,"ml":4,"nm":"Stroke 1","mn":"ADBE Vector Graphic - Stroke","hd":false},{"ty":"tr","p":{"a":0,"k":[0,0],"ix":2},"a":{"a":0,"k":[0,0],"ix":1},"s":{"a":0,"k":[70,70],"ix":3},"r":{"a":0,"k":0,"ix":6},"o":{"a":0,"k":100,"ix":7},"sk":{"a":0,"k":0,"ix":4},"sa":{"a":0,"k":0,"ix":5},"nm":"Transform"}],"nm":"xPosition","np":4,"cix":2,"ix":2,"mn":"ADBE Vector Group","hd":false},{"ty":"gr","it":[{"ind":0,"ty":"sh","ix":1,"ks":{"a":0,"k":{"i":[[0,0],[0,0]],"o":[[0,0],[0,0]],"v":[[0,-15],[0,15]],"c":false},"ix":2},"nm":"Path 1","mn":"ADBE Vector Shape - Group","hd":false},{"ind":1,"ty":"sh","ix":2,"ks":{"a":0,"k":{"i":[[0,0],[0,0],[0,0]],"o":[[0,0],[0,0],[0,0]],"v":[[-7,10],[0,15],[7,10]],"c":false},"ix":2},"nm":"Path 2","mn":"ADBE Vector Shape - Group","hd":false},{"ind":2,"ty":"sh","ix":3,"ks":{"a":0,"k":{"i":[[0,0],[0,0],[0,0]],"o":[[0,0],[0,0],[0,0]],"v":[[-7,-10],[0,-15],[7,-10]],"c":false},"ix":2},"nm":"Path 3","mn":"ADBE Vector Shape - Group","hd":false},{"ty":"st","c":{"a":0,"k":[1,1,1,1],"ix":3},"o":{"a":0,"k":100,"ix":4},"w":{"a":0,"k":2,"ix":5},"lc":1,"lj":1,"ml":4,"nm":"Stroke 1","mn":"ADBE Vector Graphic - Stroke","hd":false},{"ty":"tr","p":{"a":0,"k":[0,0],"ix":2},"a":{"a":0,"k":[0,0],"ix":1},"s":{"a":0,"k":[70,70],"ix":3},"r":{"a":0,"k":0,"ix":6},"o":{"a":0,"k":100,"ix":7},"sk":{"a":0,"k":0,"ix":4},"sa":{"a":0,"k":0,"ix":5},"nm":"Transform"}],"nm":"yPosition","np":4,"cix":2,"ix":3,"mn":"ADBE Vector Group","hd":false},{"ty":"tr","p":{"a":0,"k":[0,0],"ix":2},"a":{"a":0,"k":[0,0],"ix":1},"s":{"a":0,"k":[206.667,206.667],"ix":3},"r":{"a":0,"k":0,"ix":6},"o":{"a":0,"k":100,"ix":7},"sk":{"a":0,"k":0,"ix":4},"sa":{"a":0,"k":0,"ix":5},"nm":"Transform"}],"nm":"Icon","np":3,"cix":2,"ix":1,"mn":"ADBE Vector Group","hd":false}],"ip":0,"op":900.000036657751,"st":0,"bm":0},{"ddd":0,"ind":3,"ty":4,"nm":"C_Knee R Outlines","sr":1,"ks":{"o":{"a":0,"k":1,"ix":11},"r":{"a":0,"k":0,"ix":10},"p":{"a":1,"k":[{"i":{"x":0.833,"y":0.833},"o":{"x":0.167,"y":0.167},"n":"0p833_0p833_0p167_0p167","t":0,"s":[916,702.967,0],"e":[532,650.967,0],"to":[0,0,0],"ti":[0,0,0]},{"i":{"x":0.833,"y":0.833},"o":{"x":0.167,"y":0.167},"n":"0p833_0p833_0p167_0p167","t":15,"s":[532,650.967,0],"e":[737.997,916.966,0],"to":[0,0,0],"ti":[0,0,0]},{"i":{"x":0.833,"y":0.833},"o":{"x":0.167,"y":0.167},"n":"0p833_0p833_0p167_0p167","t":22.5,"s":[737.997,916.966,0],"e":[916,702.967,0],"to":[0,0,0],"ti":[0,0,0]},{"i":{"x":0.833,"y":0.833},"o":{"x":0.167,"y":0.167},"n":"0p833_0p833_0p167_0p167","t":30,"s":[916,702.967,0],"e":[532,650.967,0],"to":[0,0,0],"ti":[0,0,0]},{"i":{"x":0.833,"y":0.833},"o":{"x":0.167,"y":0.167},"n":"0p833_0p833_0p167_0p167","t":45,"s":[532,650.967,0],"e":[737.997,916.966,0],"to":[0,0,0],"ti":[0,0,0]},{"i":{"x":0.833,"y":0.833},"o":{"x":0.167,"y":0.167},"n":"0p833_0p833_0p167_0p167","t":52.5,"s":[737.997,916.966,0],"e":[916,702.967,0],"to":[0,0,0],"ti":[0,0,0]},{"i":{"x":0.833,"y":0.833},"o":{"x":0.167,"y":0.167},"n":"0p833_0p833_0p167_0p167","t":60,"s":[916,702.967,0],"e":[782,864.967,0],"to":[0,0,0],"ti":[0,0,0]},{"t":63.0000025660426}],"ix":2},"a":{"a":0,"k":[0,0,0],"ix":1},"s":{"a":0,"k":[100,100,100],"ix":6}},"ao":0,"ef":[{"ty":5,"nm":"IK Knee R Outlines","np":13,"mn":"PSEUDO/DUIK_Two_Layer_IK_v2","ix":1,"en":1,"ef":[{"ty":7,"nm":"Clockwise","mn":"PSEUDO/DUIK_Two_Layer_IK_v2-0001","ix":1,"v":{"a":0,"k":0,"ix":1}},{"ty":6,"nm":"FK","mn":"PSEUDO/DUIK_Two_Layer_IK_v2-0002","ix":2,"v":0},{"ty":7,"nm":"Disable IK","mn":"PSEUDO/DUIK_Two_Layer_IK_v2-0003","ix":3,"v":{"a":0,"k":0,"ix":3}},{"ty":0,"nm":"Upper FK","mn":"PSEUDO/DUIK_Two_Layer_IK_v2-0004","ix":4,"v":{"a":0,"k":0,"ix":4}},{"ty":0,"nm":"Lower FK","mn":"PSEUDO/DUIK_Two_Layer_IK_v2-0005","ix":5,"v":{"a":0,"k":0,"ix":5}},{"ty":6,"nm":"","mn":"PSEUDO/DUIK_Two_Layer_IK_v2-0006","ix":6,"v":0},{"ty":6,"nm":"Stretch","mn":"PSEUDO/DUIK_Two_Layer_IK_v2-0007","ix":7,"v":0},{"ty":7,"nm":"Auto-Stretch","mn":"PSEUDO/DUIK_Two_Layer_IK_v2-0008","ix":8,"v":{"a":0,"k":0,"ix":8}},{"ty":0,"nm":"Stretch","mn":"PSEUDO/DUIK_Two_Layer_IK_v2-0009","ix":9,"v":{"a":0,"k":0,"ix":9}},{"ty":0,"nm":"Auto-Shrink","mn":"PSEUDO/DUIK_Two_Layer_IK_v2-0010","ix":10,"v":{"a":0,"k":0,"ix":10}},{"ty":6,"nm":"","mn":"PSEUDO/DUIK_Two_Layer_IK_v2-0011","ix":11,"v":0}]}],"shapes":[{"ty":"gr","it":[{"ty":"gr","it":[{"d":1,"ty":"el","s":{"a":0,"k":[30,30],"ix":2},"p":{"a":0,"k":[0,0],"ix":3},"nm":"Ellipse Path 1","mn":"ADBE Vector Shape - Ellipse","hd":false},{"ty":"tm","s":{"a":0,"k":0,"ix":1},"e":{"a":0,"k":85,"ix":2},"o":{"a":0,"k":0,"ix":3},"m":1,"ix":2,"nm":"Trim Paths 1","mn":"ADBE Vector Filter - Trim","hd":false},{"ind":2,"ty":"sh","ix":3,"ks":{"a":0,"k":{"i":[[0,0],[0,0]],"o":[[0,0],[0,0]],"v":[[0,-15],[10,-20]],"c":false},"ix":2},"nm":"Path 1","mn":"ADBE Vector Shape - Group","hd":false},{"ty":"st","c":{"a":0,"k":[1,1,1,1],"ix":3},"o":{"a":0,"k":100,"ix":4},"w":{"a":0,"k":2,"ix":5},"lc":1,"lj":1,"ml":4,"nm":"Stroke 1","mn":"ADBE Vector Graphic - Stroke","hd":false},{"ty":"tr","p":{"a":0,"k":[0,0],"ix":2},"a":{"a":0,"k":[0,0],"ix":1},"s":{"a":0,"k":[100,100],"ix":3},"r":{"a":0,"k":-20,"ix":6},"o":{"a":0,"k":100,"ix":7},"sk":{"a":0,"k":0,"ix":4},"sa":{"a":0,"k":0,"ix":5},"nm":"Transform"}],"nm":"Rotation","np":4,"cix":2,"ix":1,"mn":"ADBE Vector Group","hd":false},{"ty":"gr","it":[{"ind":0,"ty":"sh","ix":1,"ks":{"a":0,"k":{"i":[[0,0],[0,0]],"o":[[0,0],[0,0]],"v":[[15,0],[-15,0]],"c":false},"ix":2},"nm":"Path 1","mn":"ADBE Vector Shape - Group","hd":false},{"ind":1,"ty":"sh","ix":2,"ks":{"a":0,"k":{"i":[[0,0],[0,0],[0,0]],"o":[[0,0],[0,0],[0,0]],"v":[[10,-7],[15,0],[10,7]],"c":false},"ix":2},"nm":"Path 2","mn":"ADBE Vector Shape - Group","hd":false},{"ind":2,"ty":"sh","ix":3,"ks":{"a":0,"k":{"i":[[0,0],[0,0],[0,0]],"o":[[0,0],[0,0],[0,0]],"v":[[-10,7],[-15,0],[-10,-7]],"c":false},"ix":2},"nm":"Path 3","mn":"ADBE Vector Shape - Group","hd":false},{"ty":"st","c":{"a":0,"k":[1,1,1,1],"ix":3},"o":{"a":0,"k":100,"ix":4},"w":{"a":0,"k":2,"ix":5},"lc":1,"lj":1,"ml":4,"nm":"Stroke 1","mn":"ADBE Vector Graphic - Stroke","hd":false},{"ty":"tr","p":{"a":0,"k":[0,0],"ix":2},"a":{"a":0,"k":[0,0],"ix":1},"s":{"a":0,"k":[70,70],"ix":3},"r":{"a":0,"k":0,"ix":6},"o":{"a":0,"k":100,"ix":7},"sk":{"a":0,"k":0,"ix":4},"sa":{"a":0,"k":0,"ix":5},"nm":"Transform"}],"nm":"xPosition","np":4,"cix":2,"ix":2,"mn":"ADBE Vector Group","hd":false},{"ty":"gr","it":[{"ind":0,"ty":"sh","ix":1,"ks":{"a":0,"k":{"i":[[0,0],[0,0]],"o":[[0,0],[0,0]],"v":[[0,-15],[0,15]],"c":false},"ix":2},"nm":"Path 1","mn":"ADBE Vector Shape - Group","hd":false},{"ind":1,"ty":"sh","ix":2,"ks":{"a":0,"k":{"i":[[0,0],[0,0],[0,0]],"o":[[0,0],[0,0],[0,0]],"v":[[-7,10],[0,15],[7,10]],"c":false},"ix":2},"nm":"Path 2","mn":"ADBE Vector Shape - Group","hd":false},{"ind":2,"ty":"sh","ix":3,"ks":{"a":0,"k":{"i":[[0,0],[0,0],[0,0]],"o":[[0,0],[0,0],[0,0]],"v":[[-7,-10],[0,-15],[7,-10]],"c":false},"ix":2},"nm":"Path 3","mn":"ADBE Vector Shape - Group","hd":false},{"ty":"st","c":{"a":0,"k":[1,1,1,1],"ix":3},"o":{"a":0,"k":100,"ix":4},"w":{"a":0,"k":2,"ix":5},"lc":1,"lj":1,"ml":4,"nm":"Stroke 1","mn":"ADBE Vector Graphic - Stroke","hd":false},{"ty":"tr","p":{"a":0,"k":[0,0],"ix":2},"a":{"a":0,"k":[0,0],"ix":1},"s":{"a":0,"k":[70,70],"ix":3},"r":{"a":0,"k":0,"ix":6},"o":{"a":0,"k":100,"ix":7},"sk":{"a":0,"k":0,"ix":4},"sa":{"a":0,"k":0,"ix":5},"nm":"Transform"}],"nm":"yPosition","np":4,"cix":2,"ix":3,"mn":"ADBE Vector Group","hd":false},{"ty":"tr","p":{"a":0,"k":[0,0],"ix":2},"a":{"a":0,"k":[0,0],"ix":1},"s":{"a":0,"k":[206.667,206.667],"ix":3},"r":{"a":0,"k":0,"ix":6},"o":{"a":0,"k":100,"ix":7},"sk":{"a":0,"k":0,"ix":4},"sa":{"a":0,"k":0,"ix":5},"nm":"Transform"}],"nm":"Icon","np":3,"cix":2,"ix":1,"mn":"ADBE Vector Group","hd":false}],"ip":0,"op":900.000036657751,"st":0,"bm":0},{"ddd":0,"ind":4,"ty":4,"nm":"C_Elbow R Outlines","sr":1,"ks":{"o":{"a":0,"k":1,"ix":11},"r":{"a":0,"k":0,"ix":10},"p":{"a":1,"k":[{"i":{"x":0.833,"y":0.833},"o":{"x":0.167,"y":0.167},"n":"0p833_0p833_0p167_0p167","t":0,"s":[684.994,427.06,0],"e":[852.994,503.06,0],"to":[28,12.6666669845581,0],"ti":[0,0,0]},{"i":{"x":0.833,"y":0.833},"o":{"x":0.167,"y":0.167},"n":"0p833_0p833_0p167_0p167","t":15,"s":[852.994,503.06,0],"e":[684.994,427.06,0],"to":[0,0,0],"ti":[0,0,0]},{"i":{"x":0.833,"y":0.833},"o":{"x":0.167,"y":0.167},"n":"0p833_0p833_0p167_0p167","t":30,"s":[684.994,427.06,0],"e":[852.994,503.06,0],"to":[0,0,0],"ti":[0,0,0]},{"i":{"x":0.833,"y":0.833},"o":{"x":0.167,"y":0.167},"n":"0p833_0p833_0p167_0p167","t":45,"s":[852.994,503.06,0],"e":[684.994,427.06,0],"to":[0,0,0],"ti":[10.3333330154419,-8.33333301544189,0]},{"i":{"x":0.833,"y":0.833},"o":{"x":0.167,"y":0.167},"n":"0p833_0p833_0p167_0p167","t":60,"s":[684.994,427.06,0],"e":[790.994,553.06,0],"to":[-10.3333330154419,8.33333301544189,0],"ti":[-50.6666679382324,-31.3333339691162,0]},{"i":{"x":0.833,"y":0.833},"o":{"x":0.167,"y":0.167},"n":"0p833_0p833_0p167_0p167","t":63,"s":[790.994,553.06,0],"e":[988.994,615.06,0],"to":[50.6666679382324,31.3333339691162,0],"ti":[-49.6666679382324,46.6666679382324,0]},{"i":{"x":0.833,"y":0.833},"o":{"x":0.167,"y":0.167},"n":"0p833_0p833_0p167_0p167","t":77,"s":[988.994,615.06,0],"e":[1088.994,273.06,0],"to":[49.6666679382324,-46.6666679382324,0],"ti":[-29.3333339691162,20,0]},{"i":{"x":0.833,"y":0.833},"o":{"x":0.167,"y":0.167},"n":"0p833_0p833_0p167_0p167","t":81,"s":[1088.994,273.06,0],"e":[1164.994,495.06,0],"to":[29.3333339691162,-20,0],"ti":[-7,15,0]},{"i":{"x":0.833,"y":0.833},"o":{"x":0.167,"y":0.167},"n":"0p833_0p833_0p167_0p167","t":85,"s":[1164.994,495.06,0],"e":[1130.994,183.06,0],"to":[7,-15,0],"ti":[5.66666650772095,52,0]},{"t":90.0000036657751}],"ix":2},"a":{"a":0,"k":[0,0,0],"ix":1},"s":{"a":0,"k":[100,100,100],"ix":6}},"ao":0,"ef":[{"ty":5,"nm":"IK Elbow R Outlines","np":13,"mn":"PSEUDO/DUIK_Two_Layer_IK_v2","ix":1,"en":1,"ef":[{"ty":7,"nm":"Clockwise","mn":"PSEUDO/DUIK_Two_Layer_IK_v2-0001","ix":1,"v":{"a":0,"k":1,"ix":1}},{"ty":6,"nm":"FK","mn":"PSEUDO/DUIK_Two_Layer_IK_v2-0002","ix":2,"v":0},{"ty":7,"nm":"Disable IK","mn":"PSEUDO/DUIK_Two_Layer_IK_v2-0003","ix":3,"v":{"a":0,"k":0,"ix":3}},{"ty":0,"nm":"Upper FK","mn":"PSEUDO/DUIK_Two_Layer_IK_v2-0004","ix":4,"v":{"a":0,"k":0,"ix":4}},{"ty":0,"nm":"Lower FK","mn":"PSEUDO/DUIK_Two_Layer_IK_v2-0005","ix":5,"v":{"a":0,"k":0,"ix":5}},{"ty":6,"nm":"","mn":"PSEUDO/DUIK_Two_Layer_IK_v2-0006","ix":6,"v":0},{"ty":6,"nm":"Stretch","mn":"PSEUDO/DUIK_Two_Layer_IK_v2-0007","ix":7,"v":0},{"ty":7,"nm":"Auto-Stretch","mn":"PSEUDO/DUIK_Two_Layer_IK_v2-0008","ix":8,"v":{"a":0,"k":0,"ix":8}},{"ty":0,"nm":"Stretch","mn":"PSEUDO/DUIK_Two_Layer_IK_v2-0009","ix":9,"v":{"a":0,"k":0,"ix":9}},{"ty":0,"nm":"Auto-Shrink","mn":"PSEUDO/DUIK_Two_Layer_IK_v2-0010","ix":10,"v":{"a":0,"k":0,"ix":10}},{"ty":6,"nm":"","mn":"PSEUDO/DUIK_Two_Layer_IK_v2-0011","ix":11,"v":0}]}],"shapes":[{"ty":"gr","it":[{"ty":"gr","it":[{"d":1,"ty":"el","s":{"a":0,"k":[30,30],"ix":2},"p":{"a":0,"k":[0,0],"ix":3},"nm":"Ellipse Path 1","mn":"ADBE Vector Shape - Ellipse","hd":false},{"ty":"tm","s":{"a":0,"k":0,"ix":1},"e":{"a":0,"k":85,"ix":2},"o":{"a":0,"k":0,"ix":3},"m":1,"ix":2,"nm":"Trim Paths 1","mn":"ADBE Vector Filter - Trim","hd":false},{"ind":2,"ty":"sh","ix":3,"ks":{"a":0,"k":{"i":[[0,0],[0,0]],"o":[[0,0],[0,0]],"v":[[0,-15],[10,-20]],"c":false},"ix":2},"nm":"Path 1","mn":"ADBE Vector Shape - Group","hd":false},{"ty":"st","c":{"a":0,"k":[1,1,1,1],"ix":3},"o":{"a":0,"k":100,"ix":4},"w":{"a":0,"k":2,"ix":5},"lc":1,"lj":1,"ml":4,"nm":"Stroke 1","mn":"ADBE Vector Graphic - Stroke","hd":false},{"ty":"tr","p":{"a":0,"k":[0,0],"ix":2},"a":{"a":0,"k":[0,0],"ix":1},"s":{"a":0,"k":[100,100],"ix":3},"r":{"a":0,"k":-20,"ix":6},"o":{"a":0,"k":100,"ix":7},"sk":{"a":0,"k":0,"ix":4},"sa":{"a":0,"k":0,"ix":5},"nm":"Transform"}],"nm":"Rotation","np":4,"cix":2,"ix":1,"mn":"ADBE Vector Group","hd":false},{"ty":"gr","it":[{"ind":0,"ty":"sh","ix":1,"ks":{"a":0,"k":{"i":[[0,0],[0,0]],"o":[[0,0],[0,0]],"v":[[15,0],[-15,0]],"c":false},"ix":2},"nm":"Path 1","mn":"ADBE Vector Shape - Group","hd":false},{"ind":1,"ty":"sh","ix":2,"ks":{"a":0,"k":{"i":[[0,0],[0,0],[0,0]],"o":[[0,0],[0,0],[0,0]],"v":[[10,-7],[15,0],[10,7]],"c":false},"ix":2},"nm":"Path 2","mn":"ADBE Vector Shape - Group","hd":false},{"ind":2,"ty":"sh","ix":3,"ks":{"a":0,"k":{"i":[[0,0],[0,0],[0,0]],"o":[[0,0],[0,0],[0,0]],"v":[[-10,7],[-15,0],[-10,-7]],"c":false},"ix":2},"nm":"Path 3","mn":"ADBE Vector Shape - Group","hd":false},{"ty":"st","c":{"a":0,"k":[1,1,1,1],"ix":3},"o":{"a":0,"k":100,"ix":4},"w":{"a":0,"k":2,"ix":5},"lc":1,"lj":1,"ml":4,"nm":"Stroke 1","mn":"ADBE Vector Graphic - Stroke","hd":false},{"ty":"tr","p":{"a":0,"k":[0,0],"ix":2},"a":{"a":0,"k":[0,0],"ix":1},"s":{"a":0,"k":[70,70],"ix":3},"r":{"a":0,"k":0,"ix":6},"o":{"a":0,"k":100,"ix":7},"sk":{"a":0,"k":0,"ix":4},"sa":{"a":0,"k":0,"ix":5},"nm":"Transform"}],"nm":"xPosition","np":4,"cix":2,"ix":2,"mn":"ADBE Vector Group","hd":false},{"ty":"gr","it":[{"ind":0,"ty":"sh","ix":1,"ks":{"a":0,"k":{"i":[[0,0],[0,0]],"o":[[0,0],[0,0]],"v":[[0,-15],[0,15]],"c":false},"ix":2},"nm":"Path 1","mn":"ADBE Vector Shape - Group","hd":false},{"ind":1,"ty":"sh","ix":2,"ks":{"a":0,"k":{"i":[[0,0],[0,0],[0,0]],"o":[[0,0],[0,0],[0,0]],"v":[[-7,10],[0,15],[7,10]],"c":false},"ix":2},"nm":"Path 2","mn":"ADBE Vector Shape - Group","hd":false},{"ind":2,"ty":"sh","ix":3,"ks":{"a":0,"k":{"i":[[0,0],[0,0],[0,0]],"o":[[0,0],[0,0],[0,0]],"v":[[-7,-10],[0,-15],[7,-10]],"c":false},"ix":2},"nm":"Path 3","mn":"ADBE Vector Shape - Group","hd":false},{"ty":"st","c":{"a":0,"k":[1,1,1,1],"ix":3},"o":{"a":0,"k":100,"ix":4},"w":{"a":0,"k":2,"ix":5},"lc":1,"lj":1,"ml":4,"nm":"Stroke 1","mn":"ADBE Vector Graphic - Stroke","hd":false},{"ty":"tr","p":{"a":0,"k":[0,0],"ix":2},"a":{"a":0,"k":[0,0],"ix":1},"s":{"a":0,"k":[70,70],"ix":3},"r":{"a":0,"k":0,"ix":6},"o":{"a":0,"k":100,"ix":7},"sk":{"a":0,"k":0,"ix":4},"sa":{"a":0,"k":0,"ix":5},"nm":"Transform"}],"nm":"yPosition","np":4,"cix":2,"ix":3,"mn":"ADBE Vector Group","hd":false},{"ty":"tr","p":{"a":0,"k":[0,0],"ix":2},"a":{"a":0,"k":[0,0],"ix":1},"s":{"a":0,"k":[206.667,206.667],"ix":3},"r":{"a":0,"k":0,"ix":6},"o":{"a":0,"k":100,"ix":7},"sk":{"a":0,"k":0,"ix":4},"sa":{"a":0,"k":0,"ix":5},"nm":"Transform"}],"nm":"Icon","np":3,"cix":2,"ix":1,"mn":"ADBE Vector Group","hd":false}],"ip":0,"op":900.000036657751,"st":0,"bm":0},{"ddd":0,"ind":5,"ty":4,"nm":"Eyes Outlines","parent":9,"sr":1,"ks":{"o":{"a":0,"k":100,"ix":11},"r":{"a":0,"k":0,"ix":10},"p":{"a":0,"k":[94.25,113.25,0],"ix":2},"a":{"a":0,"k":[41.25,12.25,0],"ix":1},"s":{"a":0,"k":[100,100,100],"ix":6}},"ao":0,"shapes":[{"ty":"gr","it":[{"ind":0,"ty":"sh","ix":1,"ks":{"a":0,"k":{"i":[[0,-6.627],[6.627,0],[0,6.627],[-6.627,0]],"o":[[0,6.627],[-6.627,0],[0,-6.627],[6.627,0]],"v":[[12,0],[0,12],[-12,0],[0,-12]],"c":true},"ix":2},"nm":"Path 1","mn":"ADBE Vector Shape - Group","hd":false},{"ty":"fl","c":{"a":0,"k":[0,0,0,1],"ix":4},"o":{"a":0,"k":100,"ix":5},"r":1,"nm":"Fill 1","mn":"ADBE Vector Graphic - Fill","hd":false},{"ty":"tr","p":{"a":0,"k":[12.25,12.25],"ix":2},"a":{"a":0,"k":[0,0],"ix":1},"s":{"a":0,"k":[100,100],"ix":3},"r":{"a":0,"k":0,"ix":6},"o":{"a":0,"k":100,"ix":7},"sk":{"a":0,"k":0,"ix":4},"sa":{"a":0,"k":0,"ix":5},"nm":"Transform"}],"nm":"Group 1","np":2,"cix":2,"ix":1,"mn":"ADBE Vector Group","hd":false},{"ty":"gr","it":[{"ind":0,"ty":"sh","ix":1,"ks":{"a":0,"k":{"i":[[0,-6.627],[6.627,0],[0,6.627],[-6.627,0]],"o":[[0,6.627],[-6.627,0],[0,-6.627],[6.627,0]],"v":[[12,0],[0,12],[-12,0],[0,-12]],"c":true},"ix":2},"nm":"Path 1","mn":"ADBE Vector Shape - Group","hd":false},{"ty":"fl","c":{"a":0,"k":[0,0,0,1],"ix":4},"o":{"a":0,"k":100,"ix":5},"r":1,"nm":"Fill 1","mn":"ADBE Vector Graphic - Fill","hd":false},{"ty":"tr","p":{"a":0,"k":[70.25,12.25],"ix":2},"a":{"a":0,"k":[0,0],"ix":1},"s":{"a":0,"k":[100,100],"ix":3},"r":{"a":0,"k":0,"ix":6},"o":{"a":0,"k":100,"ix":7},"sk":{"a":0,"k":0,"ix":4},"sa":{"a":0,"k":0,"ix":5},"nm":"Transform"}],"nm":"Group 2","np":2,"cix":2,"ix":2,"mn":"ADBE Vector Group","hd":false}],"ip":0,"op":900.000036657751,"st":0,"bm":0},{"ddd":0,"ind":6,"ty":4,"nm":"EyeBrows Outlines","parent":9,"sr":1,"ks":{"o":{"a":0,"k":100,"ix":11},"r":{"a":0,"k":0,"ix":10},"p":{"a":1,"k":[{"i":{"x":0.833,"y":0.833},"o":{"x":0.167,"y":0.167},"n":"0p833_0p833_0p167_0p167","t":0,"s":[96.25,86.75,0],"e":[97.25,92.75,0],"to":[0.16666667163372,1,0],"ti":[-0.33333334326744,0,0]},{"i":{"x":0.833,"y":0.833},"o":{"x":0.167,"y":0.167},"n":"0p833_0p833_0p167_0p167","t":4,"s":[97.25,92.75,0],"e":[98.25,86.75,0],"to":[0.33333334326744,0,0],"ti":[0.16666667163372,1,0]},{"i":{"x":0.833,"y":0.833},"o":{"x":0.167,"y":0.167},"n":"0p833_0p833_0p167_0p167","t":12,"s":[98.25,86.75,0],"e":[96.25,86.75,0],"to":[-0.16666667163372,-1,0],"ti":[0.16666667163372,-1,0]},{"i":{"x":0.833,"y":0.833},"o":{"x":0.167,"y":0.167},"n":"0p833_0p833_0p167_0p167","t":17,"s":[96.25,86.75,0],"e":[97.25,92.75,0],"to":[-0.16666667163372,1,0],"ti":[-0.33333334326744,0,0]},{"i":{"x":0.833,"y":0.833},"o":{"x":0.167,"y":0.167},"n":"0p833_0p833_0p167_0p167","t":21,"s":[97.25,92.75,0],"e":[98.25,86.75,0],"to":[0.33333334326744,0,0],"ti":[0,2.16666674613953,0]},{"i":{"x":0.833,"y":0.833},"o":{"x":0.167,"y":0.167},"n":"0p833_0p833_0p167_0p167","t":29,"s":[98.25,86.75,0],"e":[97.25,79.75,0],"to":[0,-2.16666674613953,0],"ti":[0,0.16666667163372,0]},{"i":{"x":0.833,"y":0.833},"o":{"x":0.167,"y":0.167},"n":"0p833_0p833_0p167_0p167","t":32,"s":[97.25,79.75,0],"e":[98.25,85.75,0],"to":[0,-0.16666667163372,0],"ti":[-0.33333334326744,0,0]},{"i":{"x":0.833,"y":0.833},"o":{"x":0.167,"y":0.167},"n":"0p833_0p833_0p167_0p167","t":36,"s":[98.25,85.75,0],"e":[99.25,79.75,0],"to":[0.33333334326744,0,0],"ti":[0.16666667163372,1,0]},{"i":{"x":0.833,"y":0.833},"o":{"x":0.167,"y":0.167},"n":"0p833_0p833_0p167_0p167","t":44,"s":[99.25,79.75,0],"e":[97.25,79.75,0],"to":[-0.16666667163372,-1,0],"ti":[0.16666667163372,-1,0]},{"i":{"x":0.833,"y":0.833},"o":{"x":0.167,"y":0.167},"n":"0p833_0p833_0p167_0p167","t":49,"s":[97.25,79.75,0],"e":[98.25,85.75,0],"to":[-0.16666667163372,1,0],"ti":[-0.33333334326744,0,0]},{"i":{"x":0.833,"y":0.833},"o":{"x":0.167,"y":0.167},"n":"0p833_0p833_0p167_0p167","t":53,"s":[98.25,85.75,0],"e":[99.25,79.75,0],"to":[0.33333334326744,0,0],"ti":[-0.16666667163372,1,0]},{"t":61.0000024845809}],"ix":2},"a":{"a":0,"k":[49.361,5.665,0],"ix":1},"s":{"a":0,"k":[100,100,100],"ix":6}},"ao":0,"shapes":[{"ty":"gr","it":[{"ind":0,"ty":"sh","ix":1,"ks":{"a":0,"k":{"i":[[1.909,0.251],[0,0],[-0.251,1.908],[-1.909,-0.251],[0,0],[0.251,-1.908]],"o":[[0,0],[-1.909,-0.251],[0.251,-1.909],[0,0],[1.908,0.251],[-0.251,1.909]],"v":[[12.433,5.164],[-13.345,1.776],[-16.36,-2.15],[-12.433,-5.164],[13.345,-1.776],[16.359,2.15]],"c":true},"ix":2},"nm":"Path 1","mn":"ADBE Vector Shape - Group","hd":false},{"ty":"fl","c":{"a":0,"k":[0.6,0.372999991623,0.356999984442,1],"ix":4},"o":{"a":0,"k":100,"ix":5},"r":1,"nm":"Fill 1","mn":"ADBE Vector Graphic - Fill","hd":false},{"ty":"tr","p":{"a":0,"k":[81.861,5.665],"ix":2},"a":{"a":0,"k":[0,0],"ix":1},"s":{"a":0,"k":[100,100],"ix":3},"r":{"a":0,"k":0,"ix":6},"o":{"a":0,"k":100,"ix":7},"sk":{"a":0,"k":0,"ix":4},"sa":{"a":0,"k":0,"ix":5},"nm":"Transform"}],"nm":"Group 1","np":2,"cix":2,"ix":1,"mn":"ADBE Vector Group","hd":false},{"ty":"gr","it":[{"ind":0,"ty":"sh","ix":1,"ks":{"a":0,"k":{"i":[[1.915,-0.204],[0,0],[0.204,1.914],[-1.914,0.204],[0,0],[-0.203,-1.914]],"o":[[0,0],[-1.915,0.203],[-0.203,-1.914],[0,0],[1.914,-0.203],[0.203,1.914]],"v":[[13.297,2.107],[-12.557,4.853],[-16.408,1.742],[-13.297,-2.108],[12.558,-4.854],[16.408,-1.743]],"c":true},"ix":2},"nm":"Path 1","mn":"ADBE Vector Shape - Group","hd":false},{"ty":"fl","c":{"a":0,"k":[0.6,0.372999991623,0.356999984442,1],"ix":4},"o":{"a":0,"k":100,"ix":5},"r":1,"nm":"Fill 1","mn":"ADBE Vector Graphic - Fill","hd":false},{"ty":"tr","p":{"a":0,"k":[16.861,5.665],"ix":2},"a":{"a":0,"k":[0,0],"ix":1},"s":{"a":0,"k":[100,100],"ix":3},"r":{"a":0,"k":0,"ix":6},"o":{"a":0,"k":100,"ix":7},"sk":{"a":0,"k":0,"ix":4},"sa":{"a":0,"k":0,"ix":5},"nm":"Transform"}],"nm":"Group 2","np":2,"cix":2,"ix":2,"mn":"ADBE Vector Group","hd":false}],"ip":0,"op":900.000036657751,"st":0,"bm":0},{"ddd":0,"ind":7,"ty":4,"nm":"Mouth Outlines","parent":9,"sr":1,"ks":{"o":{"a":0,"k":100,"ix":11},"r":{"a":0,"k":0,"ix":10},"p":{"a":0,"k":[94.383,191.75,0],"ix":2},"a":{"a":0,"k":[29.117,18.75,0],"ix":1},"s":{"a":1,"k":[{"i":{"x":[0.833,0.833,0.833],"y":[0.833,0.833,0.833]},"o":{"x":[0.167,0.167,0.167],"y":[0.167,0.167,0.167]},"n":["0p833_0p833_0p167_0p167","0p833_0p833_0p167_0p167","0p833_0p833_0p167_0p167"],"t":0,"s":[92.5,100,100],"e":[67.5,100,100]},{"i":{"x":[0.833,0.833,0.833],"y":[0.833,0.833,0.833]},"o":{"x":[0.167,0.167,0.167],"y":[0.167,0.167,0.167]},"n":["0p833_0p833_0p167_0p167","0p833_0p833_0p167_0p167","0p833_0p833_0p167_0p167"],"t":6,"s":[67.5,100,100],"e":[90.5,100,100]},{"i":{"x":[0.833,0.833,0.833],"y":[0.833,0.833,0.833]},"o":{"x":[0.167,0.167,0.167],"y":[0.167,0.167,0.167]},"n":["0p833_0p833_0p167_0p167","0p833_0p833_0p167_0p167","0p833_0p833_0p167_0p167"],"t":10,"s":[90.5,100,100],"e":[92.5,100,100]},{"i":{"x":[0.833,0.833,0.833],"y":[0.833,0.833,0.833]},"o":{"x":[0.167,0.167,0.167],"y":[0.167,0.167,0.167]},"n":["0p833_0p833_0p167_0p167","0p833_0p833_0p167_0p167","0p833_0p833_0p167_0p167"],"t":14,"s":[92.5,100,100],"e":[67.5,100,100]},{"i":{"x":[0.833,0.833,0.833],"y":[0.833,0.833,0.833]},"o":{"x":[0.167,0.167,0.167],"y":[0.167,0.167,0.167]},"n":["0p833_0p833_0p167_0p167","0p833_0p833_0p167_0p167","0p833_0p833_0p167_0p167"],"t":20,"s":[67.5,100,100],"e":[90.5,100,100]},{"i":{"x":[0.833,0.833,0.833],"y":[0.833,0.833,0.833]},"o":{"x":[0.167,0.167,0.167],"y":[0.167,0.167,0.167]},"n":["0p833_0p833_0p167_0p167","0p833_0p833_0p167_0p167","0p833_0p833_0p167_0p167"],"t":24,"s":[90.5,100,100],"e":[92.5,100,100]},{"i":{"x":[0.833,0.833,0.833],"y":[0.833,0.833,0.833]},"o":{"x":[0.167,0.167,0.167],"y":[0.167,0.167,0.167]},"n":["0p833_0p833_0p167_0p167","0p833_0p833_0p167_0p167","0p833_0p833_0p167_0p167"],"t":27,"s":[92.5,100,100],"e":[67.5,100,100]},{"i":{"x":[0.833,0.833,0.833],"y":[0.833,0.833,0.833]},"o":{"x":[0.167,0.167,0.167],"y":[0.167,0.167,0.167]},"n":["0p833_0p833_0p167_0p167","0p833_0p833_0p167_0p167","0p833_0p833_0p167_0p167"],"t":33,"s":[67.5,100,100],"e":[90.5,100,100]},{"i":{"x":[0.833,0.833,0.833],"y":[0.833,0.833,0.833]},"o":{"x":[0.167,0.167,0.167],"y":[0.167,0.167,0.167]},"n":["0p833_0p833_0p167_0p167","0p833_0p833_0p167_0p167","0p833_0p833_0p167_0p167"],"t":37,"s":[90.5,100,100],"e":[92.5,100,100]},{"i":{"x":[0.833,0.833,0.833],"y":[0.833,0.833,0.833]},"o":{"x":[0.167,0.167,0.167],"y":[0.167,0.167,0.167]},"n":["0p833_0p833_0p167_0p167","0p833_0p833_0p167_0p167","0p833_0p833_0p167_0p167"],"t":40,"s":[92.5,100,100],"e":[67.5,100,100]},{"i":{"x":[0.833,0.833,0.833],"y":[0.833,0.833,0.833]},"o":{"x":[0.167,0.167,0.167],"y":[0.167,0.167,0.167]},"n":["0p833_0p833_0p167_0p167","0p833_0p833_0p167_0p167","0p833_0p833_0p167_0p167"],"t":46,"s":[67.5,100,100],"e":[90.5,100,100]},{"i":{"x":[0.833,0.833,0.833],"y":[0.833,0.833,0.833]},"o":{"x":[0.167,0.167,0.167],"y":[0.167,0.167,0.167]},"n":["0p833_0p833_0p167_0p167","0p833_0p833_0p167_0p167","0p833_0p833_0p167_0p167"],"t":50,"s":[90.5,100,100],"e":[92.5,100,100]},{"i":{"x":[0.833,0.833,0.833],"y":[0.833,0.833,0.833]},"o":{"x":[0.167,0.167,0.167],"y":[0.167,0.167,0.167]},"n":["0p833_0p833_0p167_0p167","0p833_0p833_0p167_0p167","0p833_0p833_0p167_0p167"],"t":54,"s":[92.5,100,100],"e":[67.5,100,100]},{"i":{"x":[0.833,0.833,0.833],"y":[0.833,0.833,0.833]},"o":{"x":[0.167,0.167,0.167],"y":[0.167,0.167,0.167]},"n":["0p833_0p833_0p167_0p167","0p833_0p833_0p167_0p167","0p833_0p833_0p167_0p167"],"t":60,"s":[67.5,100,100],"e":[90.5,100,100]},{"t":64.0000026067734}],"ix":6}},"ao":0,"shapes":[{"ty":"gr","it":[{"ind":0,"ty":"sh","ix":1,"ks":{"a":0,"k":{"i":[[5.224,0],[0,0],[0,-3.571],[0,0],[0,0],[0,0]],"o":[[0,0],[-5.224,0],[0,0],[0,0],[0,0],[0,-3.571]],"v":[[19.409,-3.5],[-19.408,-3.5],[-28.866,2.966],[-28.866,3.5],[28.866,3.5],[28.866,2.966]],"c":true},"ix":2},"nm":"Path 1","mn":"ADBE Vector Shape - Group","hd":false},{"ty":"fl","c":{"a":0,"k":[1,1,1,1],"ix":4},"o":{"a":0,"k":100,"ix":5},"r":1,"nm":"Fill 1","mn":"ADBE Vector Graphic - Fill","hd":false},{"ty":"tr","p":{"a":0,"k":[29.117,3.75],"ix":2},"a":{"a":0,"k":[0,0],"ix":1},"s":{"a":0,"k":[100,100],"ix":3},"r":{"a":0,"k":0,"ix":6},"o":{"a":0,"k":100,"ix":7},"sk":{"a":0,"k":0,"ix":4},"sa":{"a":0,"k":0,"ix":5},"nm":"Transform"}],"nm":"Group 1","np":2,"cix":2,"ix":1,"mn":"ADBE Vector Group","hd":false},{"ty":"gr","it":[{"ind":0,"ty":"sh","ix":1,"ks":{"a":0,"k":{"i":[[9.954,0],[0,0],[2.566,-6.264],[-8.698,0],[0,0],[-4.18,4.783]],"o":[[0,0],[-9.954,0],[4.18,4.783],[0,0],[8.698,0],[-2.567,-6.264]],"v":[[4.533,-9.456],[-4.533,-9.456],[-25.481,1.443],[-4.975,9.456],[4.975,9.456],[25.481,1.443]],"c":true},"ix":2},"nm":"Path 1","mn":"ADBE Vector Shape - Group","hd":false},{"ty":"fl","c":{"a":0,"k":[0.694000004787,0.118000000598,0.282000014361,1],"ix":4},"o":{"a":0,"k":100,"ix":5},"r":1,"nm":"Fill 1","mn":"ADBE Vector Graphic - Fill","hd":false},{"ty":"tr","p":{"a":0,"k":[29.117,27.794],"ix":2},"a":{"a":0,"k":[0,0],"ix":1},"s":{"a":0,"k":[100,100],"ix":3},"r":{"a":0,"k":0,"ix":6},"o":{"a":0,"k":100,"ix":7},"sk":{"a":0,"k":0,"ix":4},"sa":{"a":0,"k":0,"ix":5},"nm":"Transform"}],"nm":"Group 2","np":2,"cix":2,"ix":2,"mn":"ADBE Vector Group","hd":false},{"ty":"gr","it":[{"ind":0,"ty":"sh","ix":1,"ks":{"a":0,"k":{"i":[[0,0],[-2.135,-2.442],[-9.954,0],[0,0],[-2.567,-6.264],[0,3.037],[0,0],[0,0]],"o":[[0,3.037],[2.566,-6.264],[0,0],[9.954,0],[2.134,-2.442],[0,0],[0,0],[0,0]],"v":[[-28.866,2.674],[-25.48,10.993],[-4.533,0.095],[4.533,0.095],[25.481,10.993],[28.866,2.674],[28.866,-10.993],[-28.866,-10.993]],"c":true},"ix":2},"nm":"Path 1","mn":"ADBE Vector Shape - Group","hd":false},{"ty":"fl","c":{"a":0,"k":[0.078000005086,0.204000001795,0.255000005984,1],"ix":4},"o":{"a":0,"k":100,"ix":5},"r":1,"nm":"Fill 1","mn":"ADBE Vector Graphic - Fill","hd":false},{"ty":"tr","p":{"a":0,"k":[29.116,18.244],"ix":2},"a":{"a":0,"k":[0,0],"ix":1},"s":{"a":0,"k":[100,100],"ix":3},"r":{"a":0,"k":0,"ix":6},"o":{"a":0,"k":100,"ix":7},"sk":{"a":0,"k":0,"ix":4},"sa":{"a":0,"k":0,"ix":5},"nm":"Transform"}],"nm":"Group 3","np":2,"cix":2,"ix":3,"mn":"ADBE Vector Group","hd":false}],"ip":0,"op":900.000036657751,"st":0,"bm":0},{"ddd":0,"ind":8,"ty":4,"nm":"Nose Outlines","parent":9,"sr":1,"ks":{"o":{"a":0,"k":100,"ix":11},"r":{"a":0,"k":0,"ix":10},"p":{"a":0,"k":[94.25,143.75,0],"ix":2},"a":{"a":0,"k":[12.25,18.75,0],"ix":1},"s":{"a":0,"k":[100,100,100],"ix":6}},"ao":0,"shapes":[{"ty":"gr","it":[{"ind":0,"ty":"sh","ix":1,"ks":{"a":0,"k":{"i":[[6.6,0],[0,0],[0,6.6],[0,0],[-6.6,0],[0,-6.6],[0,0]],"o":[[0,0],[-6.6,0],[0,0],[0,-6.6],[6.6,0],[0,0],[0,6.6]],"v":[[0,18.5],[0,18.5],[-12,6.5],[-12,-6.5],[0,-18.5],[12,-6.5],[12,6.5]],"c":true},"ix":2},"nm":"Path 1","mn":"ADBE Vector Shape - Group","hd":false},{"ty":"fl","c":{"a":0,"k":[0.913999968884,0.57599995931,0.486000001197,1],"ix":4},"o":{"a":0,"k":100,"ix":5},"r":1,"nm":"Fill 1","mn":"ADBE Vector Graphic - Fill","hd":false},{"ty":"tr","p":{"a":0,"k":[12.25,18.75],"ix":2},"a":{"a":0,"k":[0,0],"ix":1},"s":{"a":0,"k":[100,100],"ix":3},"r":{"a":0,"k":0,"ix":6},"o":{"a":0,"k":100,"ix":7},"sk":{"a":0,"k":0,"ix":4},"sa":{"a":0,"k":0,"ix":5},"nm":"Transform"}],"nm":"Group 1","np":2,"cix":2,"ix":1,"mn":"ADBE Vector Group","hd":false}],"ip":0,"op":900.000036657751,"st":0,"bm":0},{"ddd":0,"ind":9,"ty":4,"nm":"Head Outlines","parent":15,"sr":1,"ks":{"o":{"a":0,"k":100,"ix":11},"r":{"a":0,"k":0,"ix":10},"p":{"a":0,"k":[66.79,-110.75,0],"ix":2},"a":{"a":0,"k":[96.79,135.25,0],"ix":1},"s":{"a":0,"k":[100,100,100],"ix":6}},"ao":0,"shapes":[{"ty":"gr","it":[{"ind":0,"ty":"sh","ix":1,"ks":{"a":0,"k":{"i":[[3.85,0],[0,0],[0,3.85],[0,0],[-3.85,0],[0,0],[0,-3.85],[0,0]],"o":[[0,0],[-3.85,0],[0,0],[0,-3.85],[0,0],[3.85,0],[0,0],[0,3.85]],"v":[[2.5,45],[-2.5,45],[-9.5,38],[-9.5,-38],[-2.5,-45],[2.5,-45],[9.5,-38],[9.5,38]],"c":true},"ix":2},"nm":"Path 1","mn":"ADBE Vector Shape - Group","hd":false},{"ty":"fl","c":{"a":0,"k":[0.6,0.372999991623,0.356999984442,1],"ix":4},"o":{"a":0,"k":100,"ix":5},"r":1,"nm":"Fill 1","mn":"ADBE Vector Graphic - Fill","hd":false},{"ty":"tr","p":{"a":0,"k":[172.75,71.25],"ix":2},"a":{"a":0,"k":[0,0],"ix":1},"s":{"a":0,"k":[100,100],"ix":3},"r":{"a":0,"k":0,"ix":6},"o":{"a":0,"k":100,"ix":7},"sk":{"a":0,"k":0,"ix":4},"sa":{"a":0,"k":0,"ix":5},"nm":"Transform"}],"nm":"Group 1","np":2,"cix":2,"ix":1,"mn":"ADBE Vector Group","hd":false},{"ty":"gr","it":[{"ind":0,"ty":"sh","ix":1,"ks":{"a":0,"k":{"i":[[10.854,0],[0,0],[0,10.854],[0,0],[-10.855,0],[0,0],[0,-10.854],[0,0]],"o":[[0,0],[-10.855,0],[0,0],[0,-10.854],[0,0],[10.854,0],[0,0],[0,10.854]],"v":[[30.265,23.5],[-30.264,23.5],[-50,3.765],[-50,-3.765],[-30.264,-23.5],[30.265,-23.5],[50,-3.765],[50,3.765]],"c":true},"ix":2},"nm":"Path 1","mn":"ADBE Vector Shape - Group","hd":false},{"ty":"fl","c":{"a":0,"k":[0.6,0.372999991623,0.356999984442,1],"ix":4},"o":{"a":0,"k":100,"ix":5},"r":1,"nm":"Fill 1","mn":"ADBE Vector Graphic - Fill","hd":false},{"ty":"tr","p":{"a":0,"k":[125.25,41.75],"ix":2},"a":{"a":0,"k":[0,0],"ix":1},"s":{"a":0,"k":[100,100],"ix":3},"r":{"a":0,"k":0,"ix":6},"o":{"a":0,"k":100,"ix":7},"sk":{"a":0,"k":0,"ix":4},"sa":{"a":0,"k":0,"ix":5},"nm":"Transform"}],"nm":"Group 2","np":2,"cix":2,"ix":2,"mn":"ADBE Vector Group","hd":false},{"ty":"gr","it":[{"ind":0,"ty":"sh","ix":1,"ks":{"a":0,"k":{"i":[[0,-19.054],[28.719,0],[0,19.054],[-28.719,0]],"o":[[0,19.054],[-28.719,0],[0,-19.054],[28.719,0]],"v":[[52,0],[0,34.5],[-52,0],[0,-34.5]],"c":true},"ix":2},"nm":"Path 1","mn":"ADBE Vector Shape - Group","hd":false},{"ty":"fl","c":{"a":0,"k":[0.6,0.372999991623,0.356999984442,1],"ix":4},"o":{"a":0,"k":100,"ix":5},"r":1,"nm":"Fill 1","mn":"ADBE Vector Graphic - Fill","hd":false},{"ty":"tr","p":{"a":0,"k":[52.25,34.75],"ix":2},"a":{"a":0,"k":[0,0],"ix":1},"s":{"a":0,"k":[100,100],"ix":3},"r":{"a":0,"k":0,"ix":6},"o":{"a":0,"k":100,"ix":7},"sk":{"a":0,"k":0,"ix":4},"sa":{"a":0,"k":0,"ix":5},"nm":"Transform"}],"nm":"Group 3","np":2,"cix":2,"ix":3,"mn":"ADBE Vector Group","hd":false},{"ty":"gr","it":[{"ind":0,"ty":"sh","ix":1,"ks":{"a":0,"k":{"i":[[-16.298,0],[0,0],[-8.509,11.778],[0,0]],"o":[[0,0],[16.298,0],[0,0],[8.51,11.778]],"v":[[-20.72,9.783],[20.721,9.783],[59.966,-9.783],[-59.966,-9.783]],"c":true},"ix":2},"nm":"Path 1","mn":"ADBE Vector Shape - Group","hd":false},{"ty":"fl","c":{"a":0,"k":[0.6,0.372999991623,0.356999984442,1],"ix":4},"o":{"a":0,"k":100,"ix":5},"r":1,"nm":"Fill 1","mn":"ADBE Vector Graphic - Fill","hd":false},{"ty":"tr","p":{"a":0,"k":[109.25,224.467],"ix":2},"a":{"a":0,"k":[0,0],"ix":1},"s":{"a":0,"k":[100,100],"ix":3},"r":{"a":0,"k":0,"ix":6},"o":{"a":0,"k":100,"ix":7},"sk":{"a":0,"k":0,"ix":4},"sa":{"a":0,"k":0,"ix":5},"nm":"Transform"}],"nm":"Group 4","np":2,"cix":2,"ix":4,"mn":"ADBE Vector Group","hd":false},{"ty":"gr","it":[{"ind":0,"ty":"sh","ix":1,"ks":{"a":0,"k":{"i":[[0,9.043],[0,0],[26.004,0],[0,0],[0,-24.228],[0,0],[-5.068,-7.013],[0,0]],"o":[[0,0],[0,-24.228],[0,0],[-26.004,0],[0,0],[0,9.043],[0,0],[5.067,-7.013]],"v":[[68,61.233],[68,-41.666],[20.721,-85.717],[-20.721,-85.717],[-68,-41.666],[-68,61.233],[-59.966,85.717],[59.966,85.717]],"c":true},"ix":2},"nm":"Path 1","mn":"ADBE Vector Shape - Group","hd":false},{"ty":"fl","c":{"a":0,"k":[0.948999980852,0.752999997606,0.603999956916,1],"ix":4},"o":{"a":0,"k":100,"ix":5},"r":1,"nm":"Fill 1","mn":"ADBE Vector Graphic - Fill","hd":false},{"ty":"tr","p":{"a":0,"k":[109.25,128.967],"ix":2},"a":{"a":0,"k":[0,0],"ix":1},"s":{"a":0,"k":[100,100],"ix":3},"r":{"a":0,"k":0,"ix":6},"o":{"a":0,"k":100,"ix":7},"sk":{"a":0,"k":0,"ix":4},"sa":{"a":0,"k":0,"ix":5},"nm":"Transform"}],"nm":"Group 5","np":2,"cix":2,"ix":5,"mn":"ADBE Vector Group","hd":false},{"ty":"gr","it":[{"ind":0,"ty":"sh","ix":1,"ks":{"a":0,"k":{"i":[[0.047,-3.977],[-2.36,-2.272],[-0.056,4.66],[3.48,1.212]],"o":[[-0.048,3.976],[3.508,-1.129],[0.056,-4.661],[-2.413,2.216]],"v":[[-5.003,-0.047],[-1.187,9.745],[4.995,0.073],[-0.955,-9.745]],"c":true},"ix":2},"nm":"Path 1","mn":"ADBE Vector Shape - Group","hd":false},{"ty":"fl","c":{"a":0,"k":[0.913999968884,0.57599995931,0.486000001197,1],"ix":4},"o":{"a":0,"k":100,"ix":5},"r":1,"nm":"Fill 1","mn":"ADBE Vector Graphic - Fill","hd":false},{"ty":"tr","p":{"a":0,"k":[178.254,117.9],"ix":2},"a":{"a":0,"k":[0,0],"ix":1},"s":{"a":0,"k":[100,100],"ix":3},"r":{"a":0,"k":0,"ix":6},"o":{"a":0,"k":100,"ix":7},"sk":{"a":0,"k":0,"ix":4},"sa":{"a":0,"k":0,"ix":5},"nm":"Transform"}],"nm":"Group 6","np":2,"cix":2,"ix":6,"mn":"ADBE Vector Group","hd":false},{"ty":"gr","it":[{"ind":0,"ty":"sh","ix":1,"ks":{"a":0,"k":{"i":[[0.056,-4.661],[3.508,-1.129],[-2.284,-0.027],[-0.08,6.78],[5.522,0.066],[1.703,-1.562]],"o":[[-0.056,4.661],[1.665,1.602],[5.523,0.066],[0.081,-6.781],[-2.284,-0.027],[3.48,1.212]],"v":[[-1.949,-0.02],[-8.131,9.653],[-2.095,12.258],[8.05,0.099],[-1.803,-12.297],[-7.899,-9.836]],"c":true},"ix":2},"nm":"Path 1","mn":"ADBE Vector Shape - Group","hd":false},{"ty":"fl","c":{"a":0,"k":[0.948999980852,0.752999997606,0.603999956916,1],"ix":4},"o":{"a":0,"k":100,"ix":5},"r":1,"nm":"Fill 1","mn":"ADBE Vector Graphic - Fill","hd":false},{"ty":"tr","p":{"a":0,"k":[185.199,117.992],"ix":2},"a":{"a":0,"k":[0,0],"ix":1},"s":{"a":0,"k":[100,100],"ix":3},"r":{"a":0,"k":0,"ix":6},"o":{"a":0,"k":100,"ix":7},"sk":{"a":0,"k":0,"ix":4},"sa":{"a":0,"k":0,"ix":5},"nm":"Transform"}],"nm":"Group 7","np":2,"cix":2,"ix":7,"mn":"ADBE Vector Group","hd":false},{"ty":"gr","it":[{"ind":0,"ty":"sh","ix":1,"ks":{"a":0,"k":{"i":[[0,3.977],[2.388,2.244],[0,-4.661],[-3.494,-1.17]],"o":[[0,-3.977],[-3.494,1.17],[0,4.661],[2.388,-2.244]],"v":[[5,0],[1.066,-9.745],[-5,0],[1.066,9.745]],"c":true},"ix":2},"nm":"Path 1","mn":"ADBE Vector Shape - Group","hd":false},{"ty":"fl","c":{"a":0,"k":[0.913999968884,0.57599995931,0.486000001197,1],"ix":4},"o":{"a":0,"k":100,"ix":5},"r":1,"nm":"Fill 1","mn":"ADBE Vector Graphic - Fill","hd":false},{"ty":"tr","p":{"a":0,"k":[53.25,116.972],"ix":2},"a":{"a":0,"k":[0,0],"ix":1},"s":{"a":0,"k":[100,100],"ix":3},"r":{"a":0,"k":0,"ix":6},"o":{"a":0,"k":100,"ix":7},"sk":{"a":0,"k":0,"ix":4},"sa":{"a":0,"k":0,"ix":5},"nm":"Transform"}],"nm":"Group 8","np":2,"cix":2,"ix":8,"mn":"ADBE Vector Group","hd":false},{"ty":"gr","it":[{"ind":0,"ty":"sh","ix":1,"ks":{"a":0,"k":{"i":[[0,4.661],[-3.494,1.17],[2.284,0],[0,-6.781],[-5.523,0],[-1.684,1.582]],"o":[[0,-4.661],[-1.684,-1.582],[-5.523,0],[0,6.781],[2.284,0],[-3.494,-1.17]],"v":[[1.967,0],[8.033,-9.745],[1.967,-12.278],[-8.033,0],[1.967,12.278],[8.033,9.745]],"c":true},"ix":2},"nm":"Path 1","mn":"ADBE Vector Shape - Group","hd":false},{"ty":"fl","c":{"a":0,"k":[0.948999980852,0.752999997606,0.603999956916,1],"ix":4},"o":{"a":0,"k":100,"ix":5},"r":1,"nm":"Fill 1","mn":"ADBE Vector Graphic - Fill","hd":false},{"ty":"tr","p":{"a":0,"k":[46.283,116.972],"ix":2},"a":{"a":0,"k":[0,0],"ix":1},"s":{"a":0,"k":[100,100],"ix":3},"r":{"a":0,"k":0,"ix":6},"o":{"a":0,"k":100,"ix":7},"sk":{"a":0,"k":0,"ix":4},"sa":{"a":0,"k":0,"ix":5},"nm":"Transform"}],"nm":"Group 9","np":2,"cix":2,"ix":9,"mn":"ADBE Vector Group","hd":false},{"ty":"gr","it":[{"ind":0,"ty":"sh","ix":1,"ks":{"a":0,"k":{"i":[[3.85,0],[0,0],[0,3.85],[0,0],[-3.85,0],[0,-3.85],[0,0]],"o":[[0,0],[-3.85,0],[0,0],[0,-3.85],[3.85,0],[0,0],[0,3.85]],"v":[[0,43],[0,43],[-7,36],[-7,-36],[0,-43],[7,-36],[7,36]],"c":true},"ix":2},"nm":"Path 1","mn":"ADBE Vector Shape - Group","hd":false},{"ty":"fl","c":{"a":0,"k":[0.6,0.372999991623,0.356999984442,1],"ix":4},"o":{"a":0,"k":100,"ix":5},"r":1,"nm":"Fill 1","mn":"ADBE Vector Graphic - Fill","hd":false},{"ty":"tr","p":{"a":0,"k":[43.25,73.25],"ix":2},"a":{"a":0,"k":[0,0],"ix":1},"s":{"a":0,"k":[100,100],"ix":3},"r":{"a":0,"k":0,"ix":6},"o":{"a":0,"k":100,"ix":7},"sk":{"a":0,"k":0,"ix":4},"sa":{"a":0,"k":0,"ix":5},"nm":"Transform"}],"nm":"Group 10","np":2,"cix":2,"ix":10,"mn":"ADBE Vector Group","hd":false},{"ty":"gr","it":[{"ind":0,"ty":"sh","ix":1,"ks":{"a":0,"k":{"i":[[6.6,0],[0,0],[0,6.6],[0,0],[-6.6,0],[0,0],[0,-6.6],[0,0]],"o":[[0,0],[-6.6,0],[0,0],[0,-6.6],[0,0],[6.6,0],[0,0],[0,6.6]],"v":[[14,45.5],[-14,45.5],[-26,33.5],[-26,-33.5],[-14,-45.5],[14,-45.5],[26,-33.5],[26,33.5]],"c":true},"ix":2},"nm":"Path 1","mn":"ADBE Vector Shape - Group","hd":false},{"ty":"fl","c":{"a":0,"k":[0.913999968884,0.57599995931,0.486000001197,1],"ix":4},"o":{"a":0,"k":100,"ix":5},"r":1,"nm":"Fill 1","mn":"ADBE Vector Graphic - Fill","hd":false},{"ty":"tr","p":{"a":0,"k":[109.25,224.75],"ix":2},"a":{"a":0,"k":[0,0],"ix":1},"s":{"a":0,"k":[100,100],"ix":3},"r":{"a":0,"k":0,"ix":6},"o":{"a":0,"k":100,"ix":7},"sk":{"a":0,"k":0,"ix":4},"sa":{"a":0,"k":0,"ix":5},"nm":"Transform"}],"nm":"Group 11","np":2,"cix":2,"ix":11,"mn":"ADBE Vector Group","hd":false}],"ip":0,"op":900.000036657751,"st":0,"bm":0},{"ddd":0,"ind":10,"ty":4,"nm":"Elbow R Outlines","parent":11,"sr":1,"ks":{"o":{"a":0,"k":100,"ix":11},"r":{"a":0,"k":0,"ix":10,"x":"var $bm_rt;\nvar layer1, layer2, controller, zeroName, zero, ctrlEffect, FK, IKFK, cw;\nlayer1 = thisComp.layer('Shoulder R Outlines');\nlayer2 = thisComp.layer('Elbow R Outlines');\ncontroller = thisComp.layer('C_Elbow R Outlines');\nzeroName = 'IK_zero Elbow R Outlines';\nzero = thisComp.layer(zeroName);\nctrlEffect = controller.effect('IK Elbow R Outlines');\nFK = ctrlEffect(5);\nIKFK = ctrlEffect(3) == 0;\ncw = ctrlEffect(1) == 1;\nfunction getWorldPos(L) {\n    return L.toWorld(L.anchorPoint);\n}\nfunction ik() {\n    var A, B, C, E, a, b, c, x, alpha, y, gamma, result, V1, adj1, V2, adj2, IK;\n    A = getWorldPos(layer1);\n    B = getWorldPos(layer2);\n    C = getWorldPos(zero);\n    E = getWorldPos(controller);\n    a = length(B, C);\n    b = length(E, A);\n    c = length(A, B);\n    x = div(sub(sum(mul(b, b), mul(c, c)), mul(a, a)), mul(2, b));\n    alpha = Math.acos(clamp(div(x, c), -1, 1));\n    y = sub(b, x);\n    gamma = Math.acos(clamp(div(y, a), -1, 1));\n    result = mul(cw ? 1 : -1, radiansToDegrees(sum(gamma, alpha)));\n    V1 = sub(B, A);\n    adj1 = radiansToDegrees(Math.atan2(V1[1], V1[0]));\n    V2 = sub(C, B);\n    adj2 = radiansToDegrees(Math.atan2(V2[1], V2[0]));\n    IK = sum(sub(sum(result, adj1), adj2), value);\n    return IK;\n}\n$bm_rt = IKFK ? ik() : FK;"},"p":{"a":0,"k":[35.485,131.876,0],"ix":2,"x":"var $bm_rt;\nvar layer1, controller, ctrlEffect, stretch, auto, IK, shrinkVal, dist1, dist2, IKLength, IKStretched, boneStretch, proportion, posC, posR, distC, shrinkMax, shrink, shrink, boneStretch, boneStretch, boneStretch, coef, coef, coef, coef;\nlayer1 = thisComp.layer('Shoulder R Outlines');\ncontroller = thisComp.layer('C_Elbow R Outlines');\nctrlEffect = controller.effect('IK Elbow R Outlines');\nstretch = ctrlEffect(9);\nauto = ctrlEffect(8) == 1;\nIK = ctrlEffect(3) == 0;\nshrinkVal = div(ctrlEffect(10), 100);\nfunction getWorldPos(L) {\n    return L.toWorld(L.anchorPoint);\n}\ndist1 = length([\n    26.3130035400391,\n    25.6805038452148,\n    0\n], [\n    35.4846299452508,\n    131.87570542463,\n    0\n]);\ndist2 = length([\n    24.078498840332,\n    14.7809982299805,\n    0\n], [\n    22.0784727769171,\n    78.7809868484559,\n    0\n]);\nIKLength = sum(dist1, dist2);\nIKStretched = sum(IKLength, stretch);\nboneStretch = 0;\nproportion = div(dist1, IKLength);\nposC = getWorldPos(controller);\nposR = getWorldPos(layer1);\ndistC = length(posC, posR);\nshrinkMax = mul(IKLength, shrinkVal);\nshrink = 0;\nif (distC < IKStretched && IK)\n    shrink = sub(1, div(distC, IKStretched));\nboneStretch = sub(boneStretch, mul(easeOut(shrink, 0, shrinkMax), proportion));\nif (distC > IKStretched && auto && IK)\n    boneStretch = sum(boneStretch, mul(sub(distC, IKLength), proportion));\nelse\n    boneStretch = sum(boneStretch, mul(stretch, proportion));\ncoef = 1;\ndist1 != 0 ? coef = div(sum(dist1, boneStretch), dist1) : coef = 1;\n$bm_rt = sum(mul(sub([\n    35.4846299452508,\n    131.87570542463,\n    0\n], [\n    26.3130035400391,\n    25.6805038452148,\n    0\n]), coef), [\n    26.3130035400391,\n    25.6805038452148,\n    0\n]);"},"a":{"a":0,"k":[24.078,14.781,0],"ix":1},"s":{"a":0,"k":[100,100,100],"ix":6}},"ao":0,"shapes":[{"ty":"gr","it":[{"ind":0,"ty":"sh","ix":1,"ks":{"a":0,"k":{"i":[[0.276,12.118],[0,0],[-11.773,0.342],[-0.278,-12.118],[0,0],[11.774,-0.343]],"o":[[0,0],[-0.277,-12.118],[11.774,-0.343],[0,0],[0.276,12.117],[-11.773,0.342]],"v":[[-20.259,50.778],[-22.552,-49.533],[-1.649,-72.188],[20.26,-50.778],[22.552,49.534],[1.65,72.189]],"c":true},"ix":2},"nm":"Path 1","mn":"ADBE Vector Shape - Group","hd":false},{"ty":"fl","c":{"a":0,"k":[0.913999968884,0.57599995931,0.486000001197,1],"ix":4},"o":{"a":0,"k":100,"ix":5},"r":1,"nm":"Fill 1","mn":"ADBE Vector Graphic - Fill","hd":false},{"ty":"tr","p":{"a":0,"k":[23.078,72.781],"ix":2},"a":{"a":0,"k":[0,0],"ix":1},"s":{"a":0,"k":[100,100],"ix":3},"r":{"a":0,"k":0,"ix":6},"o":{"a":0,"k":100,"ix":7},"sk":{"a":0,"k":0,"ix":4},"sa":{"a":0,"k":0,"ix":5},"nm":"Transform"}],"nm":"Group 1","np":2,"cix":2,"ix":1,"mn":"ADBE Vector Group","hd":false}],"ip":0,"op":900.000036657751,"st":0,"bm":0},{"ddd":0,"ind":11,"ty":4,"nm":"Shoulder R Outlines","parent":15,"sr":1,"ks":{"o":{"a":0,"k":100,"ix":11},"r":{"a":0,"k":0,"ix":10,"x":"var $bm_rt;\nvar layer1, layer2, controller, zeroName, zero, ctrlEffect, limit, FK, IKFK, cw;\nlayer1 = thisComp.layer('Shoulder R Outlines');\nlayer2 = thisComp.layer('Elbow R Outlines');\ncontroller = thisComp.layer('C_Elbow R Outlines');\nzeroName = 'IK_zero Elbow R Outlines';\nzero = thisComp.layer(zeroName);\nctrlEffect = controller.effect('IK Elbow R Outlines');\nlimit = effect('IK Limit')(1);\nFK = ctrlEffect(4);\nIKFK = ctrlEffect(3) == 0;\ncw = ctrlEffect(1) == 1;\nfunction getWorldPos(L) {\n    return L.toWorld(L.anchorPoint);\n}\nfunction ik() {\n    var A, B, C, E, a, b, c, x, alpha, D, delta, result, V, adj1, IK, IK;\n    A = getWorldPos(layer1);\n    B = getWorldPos(layer2);\n    C = getWorldPos(zero);\n    E = getWorldPos(controller);\n    a = length(B, C);\n    b = length(E, A);\n    c = length(A, B);\n    x = div(sub(sum(mul(b, b), mul(c, c)), mul(a, a)), mul(2, b));\n    alpha = Math.acos(clamp(div(x, c), -1, 1));\n    D = sub(E, A);\n    delta = Math.atan2(D[1], D[0]);\n    result = radiansToDegrees(sub(delta, mul(cw ? 1 : -1, alpha)));\n    V = sub(B, A);\n    adj1 = radiansToDegrees(Math.atan2(V[1], V[0]));\n    IK = sum(sub(result, adj1), value);\n    if (IK < limit)\n        IK = sum(IK, 360);\n    return IK;\n}\n$bm_rt = IKFK ? ik() : FK;"},"p":{"a":0,"k":[130.073,29.579,0],"ix":2},"a":{"a":0,"k":[26.313,25.681,0],"ix":1},"s":{"a":0,"k":[100,100,100],"ix":6}},"ao":0,"ef":[{"ty":5,"nm":"IK Limit","np":3,"mn":"ADBE Angle Control","ix":1,"en":1,"ef":[{"ty":0,"nm":"Angle","mn":"ADBE Angle Control-0001","ix":1,"v":{"a":0,"k":0,"ix":1}}]},{"ty":5,"nm":"IK Limit","np":3,"mn":"ADBE Angle Control","ix":2,"en":1,"ef":[{"ty":0,"nm":"Angle","mn":"ADBE Angle Control-0001","ix":1,"v":{"a":0,"k":0,"ix":1}}]},{"ty":5,"nm":"IK Limit","np":3,"mn":"ADBE Angle Control","ix":3,"en":1,"ef":[{"ty":0,"nm":"Angle","mn":"ADBE Angle Control-0001","ix":1,"v":{"a":0,"k":0,"ix":1}}]}],"shapes":[{"ty":"gr","it":[{"ind":0,"ty":"sh","ix":1,"ks":{"a":0,"k":{"i":[[0.994,15.918],[0,0],[-13.218,0.909],[0,0],[-0.994,-15.918],[0,0],[13.219,-0.908]],"o":[[0,0],[-0.994,-15.918],[0,0],[13.219,-0.909],[0,0],[0.995,15.918],[-13.219,0.909]],"v":[[-21,50.231],[-27.069,-46.928],[-4.844,-77.521],[-4.843,-77.521],[20.999,-50.231],[27.068,46.928],[4.842,77.521]],"c":true},"ix":2},"nm":"Path 1","mn":"ADBE Vector Shape - Group","hd":false},{"ty":"fl","c":{"a":0,"k":[0.913999968884,0.57599995931,0.486000001197,1],"ix":4},"o":{"a":0,"k":100,"ix":5},"r":1,"nm":"Fill 1","mn":"ADBE Vector Graphic - Fill","hd":false},{"ty":"tr","p":{"a":0,"k":[28.313,78.68],"ix":2},"a":{"a":0,"k":[0,0],"ix":1},"s":{"a":0,"k":[100,100],"ix":3},"r":{"a":0,"k":0,"ix":6},"o":{"a":0,"k":100,"ix":7},"sk":{"a":0,"k":0,"ix":4},"sa":{"a":0,"k":0,"ix":5},"nm":"Transform"}],"nm":"Group 1","np":2,"cix":2,"ix":1,"mn":"ADBE Vector Group","hd":false}],"ip":0,"op":900.000036657751,"st":0,"bm":0},{"ddd":0,"ind":12,"ty":4,"nm":"Tigh R Outlines","parent":15,"sr":1,"ks":{"o":{"a":0,"k":100,"ix":11},"r":{"a":0,"k":0,"ix":10,"x":"var $bm_rt;\nvar layer1, layer2, controller, zeroName, zero, ctrlEffect, limit, FK, IKFK, cw;\nlayer1 = thisComp.layer('Tigh R Outlines');\nlayer2 = thisComp.layer('Knee R Outlines');\ncontroller = thisComp.layer('C_Knee R Outlines');\nzeroName = 'IK_zero Knee R Outlines';\nzero = thisComp.layer(zeroName);\nctrlEffect = controller.effect('IK Knee R Outlines');\nlimit = effect('IK Limit')(1);\nFK = ctrlEffect(4);\nIKFK = ctrlEffect(3) == 0;\ncw = ctrlEffect(1) == 1;\nfunction getWorldPos(L) {\n    return L.toWorld(L.anchorPoint);\n}\nfunction ik() {\n    var A, B, C, E, a, b, c, x, alpha, D, delta, result, V, adj1, IK, IK;\n    A = getWorldPos(layer1);\n    B = getWorldPos(layer2);\n    C = getWorldPos(zero);\n    E = getWorldPos(controller);\n    a = length(B, C);\n    b = length(E, A);\n    c = length(A, B);\n    x = div(sub(sum(mul(b, b), mul(c, c)), mul(a, a)), mul(2, b));\n    alpha = Math.acos(clamp(div(x, c), -1, 1));\n    D = sub(E, A);\n    delta = Math.atan2(D[1], D[0]);\n    result = radiansToDegrees(sub(delta, mul(cw ? 1 : -1, alpha)));\n    V = sub(B, A);\n    adj1 = radiansToDegrees(Math.atan2(V[1], V[0]));\n    IK = sum(sub(result, adj1), value);\n    if (IK < limit)\n        IK = sum(IK, 360);\n    return IK;\n}\n$bm_rt = IKFK ? ik() : FK;"},"p":{"a":0,"k":[122.25,210.819,0],"ix":2},"a":{"a":0,"k":[24.25,19.82,0],"ix":1},"s":{"a":0,"k":[100,100,100],"ix":6}},"ao":0,"ef":[{"ty":5,"nm":"IK Limit","np":3,"mn":"ADBE Angle Control","ix":1,"en":1,"ef":[{"ty":0,"nm":"Angle","mn":"ADBE Angle Control-0001","ix":1,"v":{"a":0,"k":0,"ix":1}}]},{"ty":5,"nm":"IK Limit","np":3,"mn":"ADBE Angle Control","ix":2,"en":1,"ef":[{"ty":0,"nm":"Angle","mn":"ADBE Angle Control-0001","ix":1,"v":{"a":0,"k":0,"ix":1}}]},{"ty":5,"nm":"IK Limit","np":3,"mn":"ADBE Angle Control","ix":3,"en":1,"ef":[{"ty":0,"nm":"Angle","mn":"ADBE Angle Control-0001","ix":1,"v":{"a":0,"k":0,"ix":1}}]}],"shapes":[{"ty":"gr","it":[{"ind":0,"ty":"sh","ix":1,"ks":{"a":0,"k":{"i":[[6.6,0],[0,0],[0,6.6],[0,0],[-6.6,0],[0,0],[0,-6.599],[0,0]],"o":[[0,0],[-6.6,0],[0,0],[0,-6.599],[0,0],[6.6,0],[0,0],[0,6.6]],"v":[[13,83.57],[-13,83.57],[-25,71.57],[-25,-71.57],[-13,-83.57],[13,-83.57],[25,-71.57],[25,71.57]],"c":true},"ix":2},"nm":"Path 1","mn":"ADBE Vector Shape - Group","hd":false},{"ty":"fl","c":{"a":0,"k":[0.097999999102,0.361000001197,0.525,1],"ix":4},"o":{"a":0,"k":100,"ix":5},"r":1,"nm":"Fill 1","mn":"ADBE Vector Graphic - Fill","hd":false},{"ty":"tr","p":{"a":0,"k":[25.25,83.82],"ix":2},"a":{"a":0,"k":[0,0],"ix":1},"s":{"a":0,"k":[100,100],"ix":3},"r":{"a":0,"k":0,"ix":6},"o":{"a":0,"k":100,"ix":7},"sk":{"a":0,"k":0,"ix":4},"sa":{"a":0,"k":0,"ix":5},"nm":"Transform"}],"nm":"Group 1","np":2,"cix":2,"ix":1,"mn":"ADBE Vector Group","hd":false}],"ip":0,"op":900.000036657751,"st":0,"bm":0},{"ddd":0,"ind":13,"ty":4,"nm":"Foot R Outlines","parent":14,"sr":1,"ks":{"o":{"a":0,"k":100,"ix":11},"r":{"a":0,"k":359.518,"ix":10},"p":{"a":0,"k":[13.67,166.473,0],"ix":2},"a":{"a":0,"k":[39.75,18.75,0],"ix":1},"s":{"a":0,"k":[100,100,100],"ix":6}},"ao":0,"shapes":[{"ty":"gr","it":[{"ind":0,"ty":"sh","ix":1,"ks":{"a":0,"k":{"i":[[6.6,0],[0,0],[0,6.6],[0,0],[-6.6,0],[0,0],[0,-6.6],[0,0]],"o":[[0,0],[-6.6,0],[0,0],[0,-6.6],[0,0],[6.6,0],[0,0],[0,6.6]],"v":[[27.5,18.5],[-27.5,18.5],[-39.5,6.5],[-39.5,-6.5],[-27.5,-18.5],[27.5,-18.5],[39.5,-6.5],[39.5,6.5]],"c":true},"ix":2},"nm":"Path 1","mn":"ADBE Vector Shape - Group","hd":false},{"ty":"fl","c":{"a":0,"k":[0,0,0,1],"ix":4},"o":{"a":0,"k":100,"ix":5},"r":1,"nm":"Fill 1","mn":"ADBE Vector Graphic - Fill","hd":false},{"ty":"tr","p":{"a":0,"k":[39.75,18.75],"ix":2},"a":{"a":0,"k":[0,0],"ix":1},"s":{"a":0,"k":[100,100],"ix":3},"r":{"a":0,"k":0,"ix":6},"o":{"a":0,"k":100,"ix":7},"sk":{"a":0,"k":0,"ix":4},"sa":{"a":0,"k":0,"ix":5},"nm":"Transform"}],"nm":"Group 1","np":2,"cix":2,"ix":1,"mn":"ADBE Vector Group","hd":false}],"ip":0,"op":900.000036657751,"st":0,"bm":0},{"ddd":0,"ind":14,"ty":4,"nm":"Knee R Outlines","parent":12,"sr":1,"ks":{"o":{"a":0,"k":100,"ix":11},"r":{"a":0,"k":0,"ix":10,"x":"var $bm_rt;\nvar layer1, layer2, controller, zeroName, zero, ctrlEffect, FK, IKFK, cw;\nlayer1 = thisComp.layer('Tigh R Outlines');\nlayer2 = thisComp.layer('Knee R Outlines');\ncontroller = thisComp.layer('C_Knee R Outlines');\nzeroName = 'IK_zero Knee R Outlines';\nzero = thisComp.layer(zeroName);\nctrlEffect = controller.effect('IK Knee R Outlines');\nFK = ctrlEffect(5);\nIKFK = ctrlEffect(3) == 0;\ncw = ctrlEffect(1) == 1;\nfunction getWorldPos(L) {\n    return L.toWorld(L.anchorPoint);\n}\nfunction ik() {\n    var A, B, C, E, a, b, c, x, alpha, y, gamma, result, V1, adj1, V2, adj2, IK;\n    A = getWorldPos(layer1);\n    B = getWorldPos(layer2);\n    C = getWorldPos(zero);\n    E = getWorldPos(controller);\n    a = length(B, C);\n    b = length(E, A);\n    c = length(A, B);\n    x = div(sub(sum(mul(b, b), mul(c, c)), mul(a, a)), mul(2, b));\n    alpha = Math.acos(clamp(div(x, c), -1, 1));\n    y = sub(b, x);\n    gamma = Math.acos(clamp(div(y, a), -1, 1));\n    result = mul(cw ? 1 : -1, radiansToDegrees(sum(gamma, alpha)));\n    V1 = sub(B, A);\n    adj1 = radiansToDegrees(Math.atan2(V1[1], V1[0]));\n    V2 = sub(C, B);\n    adj2 = radiansToDegrees(Math.atan2(V2[1], V2[0]));\n    IK = sum(sub(sum(result, adj1), adj2), value);\n    return IK;\n}\n$bm_rt = IKFK ? ik() : FK;"},"p":{"a":0,"k":[28.25,166.681,0],"ix":2,"x":"var $bm_rt;\nvar layer1, controller, ctrlEffect, stretch, auto, IK, shrinkVal, dist1, dist2, IKLength, IKStretched, boneStretch, proportion, posC, posR, distC, shrinkMax, shrink, shrink, boneStretch, boneStretch, boneStretch, coef, coef, coef, coef;\nlayer1 = thisComp.layer('Tigh R Outlines');\ncontroller = thisComp.layer('C_Knee R Outlines');\nctrlEffect = controller.effect('IK Knee R Outlines');\nstretch = ctrlEffect(9);\nauto = ctrlEffect(8) == 1;\nIK = ctrlEffect(3) == 0;\nshrinkVal = div(ctrlEffect(10), 100);\nfunction getWorldPos(L) {\n    return L.toWorld(L.anchorPoint);\n}\ndist1 = length([\n    24.25,\n    19.8195037841797,\n    0\n], [\n    28.25,\n    166.680801391602,\n    0\n]);\ndist2 = length([\n    28.25,\n    16.8195037841797,\n    0\n], [\n    24.25,\n    126.819518811172,\n    0\n]);\nIKLength = sum(dist1, dist2);\nIKStretched = sum(IKLength, stretch);\nboneStretch = 0;\nproportion = div(dist1, IKLength);\nposC = getWorldPos(controller);\nposR = getWorldPos(layer1);\ndistC = length(posC, posR);\nshrinkMax = mul(IKLength, shrinkVal);\nshrink = 0;\nif (distC < IKStretched && IK)\n    shrink = sub(1, div(distC, IKStretched));\nboneStretch = sub(boneStretch, mul(easeOut(shrink, 0, shrinkMax), proportion));\nif (distC > IKStretched && auto && IK)\n    boneStretch = sum(boneStretch, mul(sub(distC, IKLength), proportion));\nelse\n    boneStretch = sum(boneStretch, mul(stretch, proportion));\ncoef = 1;\ndist1 != 0 ? coef = div(sum(dist1, boneStretch), dist1) : coef = 1;\n$bm_rt = sum(mul(sub([\n    28.25,\n    166.680801391602,\n    0\n], [\n    24.25,\n    19.8195037841797,\n    0\n]), coef), [\n    24.25,\n    19.8195037841797,\n    0\n]);"},"a":{"a":0,"k":[28.25,16.82,0],"ix":1},"s":{"a":0,"k":[100,100,100],"ix":6}},"ao":0,"ef":[{"ty":5,"nm":"IK End","np":3,"mn":"ADBE Point Control","ix":1,"en":1,"ef":[{"ty":3,"nm":"Point","mn":"ADBE Point Control-0001","ix":1,"v":{"a":0,"k":[742.647,879.878],"ix":1}}]}],"shapes":[{"ty":"gr","it":[{"ind":0,"ty":"sh","ix":1,"ks":{"a":0,"k":{"i":[[6.6,0],[0,0],[0,6.6],[0,0],[-6.6,0],[0,0],[0,-6.599],[0,0]],"o":[[0,0],[-6.6,0],[0,0],[0,-6.599],[0,0],[6.6,0],[0,0],[0,6.6]],"v":[[13,83.57],[-13,83.57],[-25,71.57],[-25,-71.57],[-13,-83.57],[13,-83.57],[25,-71.57],[25,71.57]],"c":true},"ix":2},"nm":"Path 1","mn":"ADBE Vector Shape - Group","hd":false},{"ty":"fl","c":{"a":0,"k":[0.097999999102,0.361000001197,0.525,1],"ix":4},"o":{"a":0,"k":100,"ix":5},"r":1,"nm":"Fill 1","mn":"ADBE Vector Graphic - Fill","hd":false},{"ty":"tr","p":{"a":0,"k":[25.25,83.82],"ix":2},"a":{"a":0,"k":[0,0],"ix":1},"s":{"a":0,"k":[100,100],"ix":3},"r":{"a":0,"k":0,"ix":6},"o":{"a":0,"k":100,"ix":7},"sk":{"a":0,"k":0,"ix":4},"sa":{"a":0,"k":0,"ix":5},"nm":"Transform"}],"nm":"Group 1","np":2,"cix":2,"ix":1,"mn":"ADBE Vector Group","hd":false}],"ip":0,"op":900.000036657751,"st":0,"bm":0},{"ddd":0,"ind":15,"ty":4,"nm":"Body Outlines","sr":1,"ks":{"o":{"a":0,"k":100,"ix":11},"r":{"a":0,"k":0,"ix":10},"p":{"a":1,"k":[{"i":{"x":0.833,"y":0.833},"o":{"x":0.167,"y":0.167},"n":"0p833_0p833_0p167_0p167","t":0,"s":[726.642,455.094,0],"e":[728.642,487.094,0],"to":[0.33333334326744,5.33333349227905,0],"ti":[0,0,0]},{"i":{"x":0.833,"y":0.833},"o":{"x":0.167,"y":0.167},"n":"0p833_0p833_0p167_0p167","t":7,"s":[728.642,487.094,0],"e":[726.642,455.094,0],"to":[0,0,0],"ti":[0,0,0]},{"i":{"x":0.833,"y":0.833},"o":{"x":0.167,"y":0.167},"n":"0p833_0p833_0p167_0p167","t":14,"s":[726.642,455.094,0],"e":[728.642,487.094,0],"to":[0,0,0],"ti":[0,0,0]},{"i":{"x":0.833,"y":0.833},"o":{"x":0.167,"y":0.167},"n":"0p833_0p833_0p167_0p167","t":21,"s":[728.642,487.094,0],"e":[726.642,455.094,0],"to":[0,0,0],"ti":[0,0,0]},{"i":{"x":0.833,"y":0.833},"o":{"x":0.167,"y":0.167},"n":"0p833_0p833_0p167_0p167","t":28,"s":[726.642,455.094,0],"e":[728.642,487.094,0],"to":[0,0,0],"ti":[0,0,0]},{"i":{"x":0.833,"y":0.833},"o":{"x":0.167,"y":0.167},"n":"0p833_0p833_0p167_0p167","t":35,"s":[728.642,487.094,0],"e":[726.642,455.094,0],"to":[0,0,0],"ti":[0,0,0]},{"i":{"x":0.833,"y":0.833},"o":{"x":0.167,"y":0.167},"n":"0p833_0p833_0p167_0p167","t":42,"s":[726.642,455.094,0],"e":[728.642,487.094,0],"to":[0,0,0],"ti":[0,0,0]},{"i":{"x":0.833,"y":0.833},"o":{"x":0.167,"y":0.167},"n":"0p833_0p833_0p167_0p167","t":49,"s":[728.642,487.094,0],"e":[726.642,455.094,0],"to":[0,0,0],"ti":[-0.33333334326744,-17,0]},{"i":{"x":0.833,"y":0.833},"o":{"x":0.167,"y":0.167},"n":"0p833_0p833_0p167_0p167","t":57,"s":[726.642,455.094,0],"e":[730.642,589.094,0],"to":[0.33333334326744,17,0],"ti":[-1,-9.66666698455811,0]},{"i":{"x":0.833,"y":0.833},"o":{"x":0.167,"y":0.167},"n":"0p833_0p833_0p167_0p167","t":63,"s":[730.642,589.094,0],"e":[732.642,513.094,0],"to":[1,9.66666698455811,0],"ti":[-0.33333334326744,12.6666669845581,0]},{"t":71.0000028918893}],"ix":2},"a":{"a":0,"k":[73.75,123.25,0],"ix":1},"s":{"a":0,"k":[100,100,100],"ix":6}},"ao":0,"shapes":[{"ty":"gr","it":[{"ind":0,"ty":"sh","ix":1,"ks":{"a":0,"k":{"i":[[30.45,0],[0,0],[0,30.45],[0,0],[-30.451,0],[0,0],[0,-30.45],[0,0]],"o":[[0,0],[-30.451,0],[0,0],[0,-30.45],[0,0],[30.45,0],[0,0],[0,30.45]],"v":[[18.136,123],[-18.135,123],[-73.5,67.636],[-73.5,-67.636],[-18.135,-123],[18.136,-123],[73.5,-67.636],[73.5,67.636]],"c":true},"ix":2},"nm":"Path 1","mn":"ADBE Vector Shape - Group","hd":false},{"ty":"fl","c":{"a":0,"k":[0.694000004787,0.118000000598,0.282000014361,1],"ix":4},"o":{"a":0,"k":100,"ix":5},"r":1,"nm":"Fill 1","mn":"ADBE Vector Graphic - Fill","hd":false},{"ty":"tr","p":{"a":0,"k":[73.75,123.25],"ix":2},"a":{"a":0,"k":[0,0],"ix":1},"s":{"a":0,"k":[100,100],"ix":3},"r":{"a":0,"k":0,"ix":6},"o":{"a":0,"k":100,"ix":7},"sk":{"a":0,"k":0,"ix":4},"sa":{"a":0,"k":0,"ix":5},"nm":"Transform"}],"nm":"Group 1","np":2,"cix":2,"ix":1,"mn":"ADBE Vector Group","hd":false}],"ip":0,"op":900.000036657751,"st":0,"bm":0},{"ddd":0,"ind":16,"ty":4,"nm":"Tigh L Outlines","parent":15,"sr":1,"ks":{"o":{"a":0,"k":100,"ix":11},"r":{"a":0,"k":0,"ix":10,"x":"var $bm_rt;\nvar layer1, layer2, controller, zeroName, zero, ctrlEffect, limit, FK, IKFK, cw;\nlayer1 = thisComp.layer('Tigh L Outlines');\nlayer2 = thisComp.layer('Knee L Outlines');\ncontroller = thisComp.layer('C_Knee L Outlines');\nzeroName = 'IK_zero Knee L Outlines';\nzero = thisComp.layer(zeroName);\nctrlEffect = controller.effect('IK Knee L Outlines');\nlimit = effect('IK Limit')(1);\nFK = ctrlEffect(4);\nIKFK = ctrlEffect(3) == 0;\ncw = ctrlEffect(1) == 1;\nfunction getWorldPos(L) {\n    return L.toWorld(L.anchorPoint);\n}\nfunction ik() {\n    var A, B, C, E, a, b, c, x, alpha, D, delta, result, V, adj1, IK, IK;\n    A = getWorldPos(layer1);\n    B = getWorldPos(layer2);\n    C = getWorldPos(zero);\n    E = getWorldPos(controller);\n    a = length(B, C);\n    b = length(E, A);\n    c = length(A, B);\n    x = div(sub(sum(mul(b, b), mul(c, c)), mul(a, a)), mul(2, b));\n    alpha = Math.acos(clamp(div(x, c), -1, 1));\n    D = sub(E, A);\n    delta = Math.atan2(D[1], D[0]);\n    result = radiansToDegrees(sub(delta, mul(cw ? 1 : -1, alpha)));\n    V = sub(B, A);\n    adj1 = radiansToDegrees(Math.atan2(V[1], V[0]));\n    IK = sum(sub(result, adj1), value);\n    if (IK < limit)\n        IK = sum(IK, 360);\n    return IK;\n}\n$bm_rt = IKFK ? ik() : FK;"},"p":{"a":0,"k":[48.25,215.819,0],"ix":2},"a":{"a":0,"k":[25.25,24.82,0],"ix":1},"s":{"a":0,"k":[100,100,100],"ix":6}},"ao":0,"ef":[{"ty":5,"nm":"IK Limit","np":3,"mn":"ADBE Angle Control","ix":1,"en":1,"ef":[{"ty":0,"nm":"Angle","mn":"ADBE Angle Control-0001","ix":1,"v":{"a":0,"k":0,"ix":1}}]},{"ty":5,"nm":"IK Limit","np":3,"mn":"ADBE Angle Control","ix":2,"en":1,"ef":[{"ty":0,"nm":"Angle","mn":"ADBE Angle Control-0001","ix":1,"v":{"a":0,"k":0,"ix":1}}]},{"ty":5,"nm":"IK Limit","np":3,"mn":"ADBE Angle Control","ix":3,"en":1,"ef":[{"ty":0,"nm":"Angle","mn":"ADBE Angle Control-0001","ix":1,"v":{"a":0,"k":0,"ix":1}}]}],"shapes":[{"ty":"gr","it":[{"ind":0,"ty":"sh","ix":1,"ks":{"a":0,"k":{"i":[[6.6,0],[0,0],[0,6.6],[0,0],[-6.6,0],[0,0],[0,-6.599],[0,0]],"o":[[0,0],[-6.6,0],[0,0],[0,-6.599],[0,0],[6.6,0],[0,0],[0,6.6]],"v":[[13,83.57],[-13,83.57],[-25,71.57],[-25,-71.57],[-13,-83.57],[13,-83.57],[25,-71.57],[25,71.57]],"c":true},"ix":2},"nm":"Path 1","mn":"ADBE Vector Shape - Group","hd":false},{"ty":"fl","c":{"a":0,"k":[0.097999999102,0.361000001197,0.525,1],"ix":4},"o":{"a":0,"k":100,"ix":5},"r":1,"nm":"Fill 1","mn":"ADBE Vector Graphic - Fill","hd":false},{"ty":"tr","p":{"a":0,"k":[25.25,83.82],"ix":2},"a":{"a":0,"k":[0,0],"ix":1},"s":{"a":0,"k":[100,100],"ix":3},"r":{"a":0,"k":0,"ix":6},"o":{"a":0,"k":100,"ix":7},"sk":{"a":0,"k":0,"ix":4},"sa":{"a":0,"k":0,"ix":5},"nm":"Transform"}],"nm":"Group 1","np":2,"cix":2,"ix":1,"mn":"ADBE Vector Group","hd":false}],"ip":0,"op":900.000036657751,"st":0,"bm":0},{"ddd":0,"ind":17,"ty":4,"nm":"Shoe L Outlines","parent":18,"sr":1,"ks":{"o":{"a":0,"k":100,"ix":11},"r":{"a":0,"k":360,"ix":10},"p":{"a":0,"k":[7.608,162.184,0],"ix":2},"a":{"a":0,"k":[39.75,18.75,0],"ix":1},"s":{"a":0,"k":[100,100,100],"ix":6}},"ao":0,"shapes":[{"ty":"gr","it":[{"ind":0,"ty":"sh","ix":1,"ks":{"a":0,"k":{"i":[[6.6,0],[0,0],[0,6.6],[0,0],[-6.6,0],[0,0],[0,-6.6],[0,0]],"o":[[0,0],[-6.6,0],[0,0],[0,-6.6],[0,0],[6.6,0],[0,0],[0,6.6]],"v":[[27.5,18.5],[-27.5,18.5],[-39.5,6.5],[-39.5,-6.5],[-27.5,-18.5],[27.5,-18.5],[39.5,-6.5],[39.5,6.5]],"c":true},"ix":2},"nm":"Path 1","mn":"ADBE Vector Shape - Group","hd":false},{"ty":"fl","c":{"a":0,"k":[0,0,0,1],"ix":4},"o":{"a":0,"k":100,"ix":5},"r":1,"nm":"Fill 1","mn":"ADBE Vector Graphic - Fill","hd":false},{"ty":"tr","p":{"a":0,"k":[39.75,18.75],"ix":2},"a":{"a":0,"k":[0,0],"ix":1},"s":{"a":0,"k":[100,100],"ix":3},"r":{"a":0,"k":0,"ix":6},"o":{"a":0,"k":100,"ix":7},"sk":{"a":0,"k":0,"ix":4},"sa":{"a":0,"k":0,"ix":5},"nm":"Transform"}],"nm":"Group 1","np":2,"cix":2,"ix":1,"mn":"ADBE Vector Group","hd":false}],"ip":0,"op":900.000036657751,"st":0,"bm":0},{"ddd":0,"ind":18,"ty":4,"nm":"Knee L Outlines","parent":16,"sr":1,"ks":{"o":{"a":0,"k":100,"ix":11},"r":{"a":0,"k":0,"ix":10,"x":"var $bm_rt;\nvar layer1, layer2, controller, zeroName, zero, ctrlEffect, FK, IKFK, cw;\nlayer1 = thisComp.layer('Tigh L Outlines');\nlayer2 = thisComp.layer('Knee L Outlines');\ncontroller = thisComp.layer('C_Knee L Outlines');\nzeroName = 'IK_zero Knee L Outlines';\nzero = thisComp.layer(zeroName);\nctrlEffect = controller.effect('IK Knee L Outlines');\nFK = ctrlEffect(5);\nIKFK = ctrlEffect(3) == 0;\ncw = ctrlEffect(1) == 1;\nfunction getWorldPos(L) {\n    return L.toWorld(L.anchorPoint);\n}\nfunction ik() {\n    var A, B, C, E, a, b, c, x, alpha, y, gamma, result, V1, adj1, V2, adj2, IK;\n    A = getWorldPos(layer1);\n    B = getWorldPos(layer2);\n    C = getWorldPos(zero);\n    E = getWorldPos(controller);\n    a = length(B, C);\n    b = length(E, A);\n    c = length(A, B);\n    x = div(sub(sum(mul(b, b), mul(c, c)), mul(a, a)), mul(2, b));\n    alpha = Math.acos(clamp(div(x, c), -1, 1));\n    y = sub(b, x);\n    gamma = Math.acos(clamp(div(y, a), -1, 1));\n    result = mul(cw ? 1 : -1, radiansToDegrees(sum(gamma, alpha)));\n    V1 = sub(B, A);\n    adj1 = radiansToDegrees(Math.atan2(V1[1], V1[0]));\n    V2 = sub(C, B);\n    adj2 = radiansToDegrees(Math.atan2(V2[1], V2[0]));\n    IK = sum(sub(sum(result, adj1), adj2), value);\n    return IK;\n}\n$bm_rt = IKFK ? ik() : FK;"},"p":{"a":0,"k":[25.25,176.681,0],"ix":2,"x":"var $bm_rt;\nvar layer1, controller, ctrlEffect, stretch, auto, IK, shrinkVal, dist1, dist2, IKLength, IKStretched, boneStretch, proportion, posC, posR, distC, shrinkMax, shrink, shrink, boneStretch, boneStretch, boneStretch, coef, coef, coef, coef;\nlayer1 = thisComp.layer('Tigh L Outlines');\ncontroller = thisComp.layer('C_Knee L Outlines');\nctrlEffect = controller.effect('IK Knee L Outlines');\nstretch = ctrlEffect(9);\nauto = ctrlEffect(8) == 1;\nIK = ctrlEffect(3) == 0;\nshrinkVal = div(ctrlEffect(10), 100);\nfunction getWorldPos(L) {\n    return L.toWorld(L.anchorPoint);\n}\ndist1 = length([\n    25.25,\n    24.8195037841797,\n    0\n], [\n    25.25,\n    176.680801391602,\n    0\n]);\ndist2 = length([\n    26.25,\n    23.8195037841797,\n    0\n], [\n    22.25,\n    95.8195188111721,\n    0\n]);\nIKLength = sum(dist1, dist2);\nIKStretched = sum(IKLength, stretch);\nboneStretch = 0;\nproportion = div(dist1, IKLength);\nposC = getWorldPos(controller);\nposR = getWorldPos(layer1);\ndistC = length(posC, posR);\nshrinkMax = mul(IKLength, shrinkVal);\nshrink = 0;\nif (distC < IKStretched && IK)\n    shrink = sub(1, div(distC, IKStretched));\nboneStretch = sub(boneStretch, mul(easeOut(shrink, 0, shrinkMax), proportion));\nif (distC > IKStretched && auto && IK)\n    boneStretch = sum(boneStretch, mul(sub(distC, IKLength), proportion));\nelse\n    boneStretch = sum(boneStretch, mul(stretch, proportion));\ncoef = 1;\ndist1 != 0 ? coef = div(sum(dist1, boneStretch), dist1) : coef = 1;\n$bm_rt = sum(mul(sub([\n    25.25,\n    176.680801391602,\n    0\n], [\n    25.25,\n    24.8195037841797,\n    0\n]), coef), [\n    25.25,\n    24.8195037841797,\n    0\n]);"},"a":{"a":0,"k":[26.25,23.82,0],"ix":1},"s":{"a":0,"k":[100,100,100],"ix":6}},"ao":0,"ef":[{"ty":5,"nm":"IK End","np":3,"mn":"ADBE Point Control","ix":1,"en":1,"ef":[{"ty":3,"nm":"Point","mn":"ADBE Point Control-0001","ix":1,"v":{"a":0,"k":[625,873.926],"ix":1}}]}],"shapes":[{"ty":"gr","it":[{"ind":0,"ty":"sh","ix":1,"ks":{"a":0,"k":{"i":[[6.6,0],[0,0],[0,6.6],[0,0],[-6.6,0],[0,0],[0,-6.599],[0,0]],"o":[[0,0],[-6.6,0],[0,0],[0,-6.599],[0,0],[6.6,0],[0,0],[0,6.6]],"v":[[13,83.57],[-13,83.57],[-25,71.57],[-25,-71.57],[-13,-83.57],[13,-83.57],[25,-71.57],[25,71.57]],"c":true},"ix":2},"nm":"Path 1","mn":"ADBE Vector Shape - Group","hd":false},{"ty":"fl","c":{"a":0,"k":[0.097999999102,0.361000001197,0.525,1],"ix":4},"o":{"a":0,"k":100,"ix":5},"r":1,"nm":"Fill 1","mn":"ADBE Vector Graphic - Fill","hd":false},{"ty":"tr","p":{"a":0,"k":[25.25,83.82],"ix":2},"a":{"a":0,"k":[0,0],"ix":1},"s":{"a":0,"k":[100,100],"ix":3},"r":{"a":0,"k":0,"ix":6},"o":{"a":0,"k":100,"ix":7},"sk":{"a":0,"k":0,"ix":4},"sa":{"a":0,"k":0,"ix":5},"nm":"Transform"}],"nm":"Group 1","np":2,"cix":2,"ix":1,"mn":"ADBE Vector Group","hd":false}],"ip":0,"op":900.000036657751,"st":0,"bm":0},{"ddd":0,"ind":19,"ty":4,"nm":"Shoulder L Outlines","parent":15,"sr":1,"ks":{"o":{"a":0,"k":100,"ix":11},"r":{"a":0,"k":0,"ix":10,"x":"var $bm_rt;\nvar layer1, layer2, controller, zeroName, zero, ctrlEffect, limit, FK, IKFK, cw;\nlayer1 = thisComp.layer('Shoulder L Outlines');\nlayer2 = thisComp.layer('Elow L Outlines');\ncontroller = thisComp.layer('C_Elow L Outlines');\nzeroName = 'IK_zero Elow L Outlines';\nzero = thisComp.layer(zeroName);\nctrlEffect = controller.effect('IK Elow L Outlines');\nlimit = effect('IK Limit')(1);\nFK = ctrlEffect(4);\nIKFK = ctrlEffect(3) == 0;\ncw = ctrlEffect(1) == 1;\nfunction getWorldPos(L) {\n    return L.toWorld(L.anchorPoint);\n}\nfunction ik() {\n    var A, B, C, E, a, b, c, x, alpha, D, delta, result, V, adj1, IK, IK;\n    A = getWorldPos(layer1);\n    B = getWorldPos(layer2);\n    C = getWorldPos(zero);\n    E = getWorldPos(controller);\n    a = length(B, C);\n    b = length(E, A);\n    c = length(A, B);\n    x = div(sub(sum(mul(b, b), mul(c, c)), mul(a, a)), mul(2, b));\n    alpha = Math.acos(clamp(div(x, c), -1, 1));\n    D = sub(E, A);\n    delta = Math.atan2(D[1], D[0]);\n    result = radiansToDegrees(sub(delta, mul(cw ? 1 : -1, alpha)));\n    V = sub(B, A);\n    adj1 = radiansToDegrees(Math.atan2(V[1], V[0]));\n    IK = sum(sub(result, adj1), value);\n    if (IK < limit)\n        IK = sum(IK, 360);\n    return IK;\n}\n$bm_rt = IKFK ? ik() : FK;"},"p":{"a":0,"k":[22.865,38.66,0],"ix":2},"a":{"a":0,"k":[28.288,29.027,0],"ix":1},"s":{"a":0,"k":[100,100,100],"ix":6}},"ao":0,"ef":[{"ty":5,"nm":"IK Limit","np":3,"mn":"ADBE Angle Control","ix":1,"en":1,"ef":[{"ty":0,"nm":"Angle","mn":"ADBE Angle Control-0001","ix":1,"v":{"a":0,"k":0,"ix":1}}]},{"ty":5,"nm":"IK Limit","np":3,"mn":"ADBE Angle Control","ix":2,"en":1,"ef":[{"ty":0,"nm":"Angle","mn":"ADBE Angle Control-0001","ix":1,"v":{"a":0,"k":0,"ix":1}}]},{"ty":5,"nm":"IK Limit","np":3,"mn":"ADBE Angle Control","ix":3,"en":1,"ef":[{"ty":0,"nm":"Angle","mn":"ADBE Angle Control-0001","ix":1,"v":{"a":0,"k":0,"ix":1}}]}],"shapes":[{"ty":"gr","it":[{"ind":0,"ty":"sh","ix":1,"ks":{"a":0,"k":{"i":[[-0.234,15.947],[0,0],[-13.25,-0.112],[0.234,-15.947],[0,0],[13.25,0.112]],"o":[[0,0],[0.234,-15.948],[13.249,0.112],[0,0],[-0.234,15.948],[-13.249,-0.112]],"v":[[-24.804,48.465],[-23.376,-48.872],[1.14,-77.664],[24.804,-48.465],[23.376,48.871],[-1.141,77.664]],"c":true},"ix":2},"nm":"Path 1","mn":"ADBE Vector Shape - Group","hd":false},{"ty":"fl","c":{"a":0,"k":[0.913999968884,0.57599995931,0.486000001197,1],"ix":4},"o":{"a":0,"k":100,"ix":5},"r":1,"nm":"Fill 1","mn":"ADBE Vector Graphic - Fill","hd":false},{"ty":"tr","p":{"a":0,"k":[25.288,78.027],"ix":2},"a":{"a":0,"k":[0,0],"ix":1},"s":{"a":0,"k":[100,100],"ix":3},"r":{"a":0,"k":0,"ix":6},"o":{"a":0,"k":100,"ix":7},"sk":{"a":0,"k":0,"ix":4},"sa":{"a":0,"k":0,"ix":5},"nm":"Transform"}],"nm":"Group 1","np":2,"cix":2,"ix":1,"mn":"ADBE Vector Group","hd":false}],"ip":0,"op":900.000036657751,"st":0,"bm":0},{"ddd":0,"ind":20,"ty":4,"nm":"Elow L Outlines","parent":19,"sr":1,"ks":{"o":{"a":0,"k":100,"ix":11},"r":{"a":0,"k":0,"ix":10,"x":"var $bm_rt;\nvar layer1, layer2, controller, zeroName, zero, ctrlEffect, FK, IKFK, cw;\nlayer1 = thisComp.layer('Shoulder L Outlines');\nlayer2 = thisComp.layer('Elow L Outlines');\ncontroller = thisComp.layer('C_Elow L Outlines');\nzeroName = 'IK_zero Elow L Outlines';\nzero = thisComp.layer(zeroName);\nctrlEffect = controller.effect('IK Elow L Outlines');\nFK = ctrlEffect(5);\nIKFK = ctrlEffect(3) == 0;\ncw = ctrlEffect(1) == 1;\nfunction getWorldPos(L) {\n    return L.toWorld(L.anchorPoint);\n}\nfunction ik() {\n    var A, B, C, E, a, b, c, x, alpha, y, gamma, result, V1, adj1, V2, adj2, IK;\n    A = getWorldPos(layer1);\n    B = getWorldPos(layer2);\n    C = getWorldPos(zero);\n    E = getWorldPos(controller);\n    a = length(B, C);\n    b = length(E, A);\n    c = length(A, B);\n    x = div(sub(sum(mul(b, b), mul(c, c)), mul(a, a)), mul(2, b));\n    alpha = Math.acos(clamp(div(x, c), -1, 1));\n    y = sub(b, x);\n    gamma = Math.acos(clamp(div(y, a), -1, 1));\n    result = mul(cw ? 1 : -1, radiansToDegrees(sum(gamma, alpha)));\n    V1 = sub(B, A);\n    adj1 = radiansToDegrees(Math.atan2(V1[1], V1[0]));\n    V2 = sub(C, B);\n    adj2 = radiansToDegrees(Math.atan2(V2[1], V2[0]));\n    IK = sum(sub(sum(result, adj1), adj2), value);\n    return IK;\n}\n$bm_rt = IKFK ? ik() : FK;"},"p":{"a":0,"k":[24.484,133.092,0],"ix":2,"x":"var $bm_rt;\nvar layer1, controller, ctrlEffect, stretch, auto, IK, shrinkVal, dist1, dist2, IKLength, IKStretched, boneStretch, proportion, posC, posR, distC, shrinkMax, shrink, shrink, boneStretch, boneStretch, boneStretch, coef, coef, coef, coef;\nlayer1 = thisComp.layer('Shoulder L Outlines');\ncontroller = thisComp.layer('C_Elow L Outlines');\nctrlEffect = controller.effect('IK Elow L Outlines');\nstretch = ctrlEffect(9);\nauto = ctrlEffect(8) == 1;\nIK = ctrlEffect(3) == 0;\nshrinkVal = div(ctrlEffect(10), 100);\nfunction getWorldPos(L) {\n    return L.toWorld(L.anchorPoint);\n}\ndist1 = length([\n    28.2884979248047,\n    29.0265045166016,\n    0\n], [\n    24.4838513000177,\n    133.091941410292,\n    0\n]);\ndist2 = length([\n    25.3450012207031,\n    26.2305068969727,\n    0\n], [\n    15.3450061218573,\n    96.230514717775,\n    0\n]);\nIKLength = sum(dist1, dist2);\nIKStretched = sum(IKLength, stretch);\nboneStretch = 0;\nproportion = div(dist1, IKLength);\nposC = getWorldPos(controller);\nposR = getWorldPos(layer1);\ndistC = length(posC, posR);\nshrinkMax = mul(IKLength, shrinkVal);\nshrink = 0;\nif (distC < IKStretched && IK)\n    shrink = sub(1, div(distC, IKStretched));\nboneStretch = sub(boneStretch, mul(easeOut(shrink, 0, shrinkMax), proportion));\nif (distC > IKStretched && auto && IK)\n    boneStretch = sum(boneStretch, mul(sub(distC, IKLength), proportion));\nelse\n    boneStretch = sum(boneStretch, mul(stretch, proportion));\ncoef = 1;\ndist1 != 0 ? coef = div(sum(dist1, boneStretch), dist1) : coef = 1;\n$bm_rt = sum(mul(sub([\n    24.4838513000177,\n    133.091941410292,\n    0\n], [\n    28.2884979248047,\n    29.0265045166016,\n    0\n]), coef), [\n    28.2884979248047,\n    29.0265045166016,\n    0\n]);"},"a":{"a":0,"k":[25.345,26.231,0],"ix":1},"s":{"a":0,"k":[100,100,100],"ix":6}},"ao":0,"ef":[{"ty":5,"nm":"IK End","np":3,"mn":"ADBE Point Control","ix":1,"en":1,"ef":[{"ty":3,"nm":"Point","mn":"ADBE Point Control-0001","ix":1,"v":{"a":0,"k":[578.166,735.878],"ix":1}}]}],"shapes":[{"ty":"gr","it":[{"ind":0,"ty":"sh","ix":1,"ks":{"a":0,"k":{"i":[[-0.181,11.897],[0,0],[-11.642,-0.104],[0.18,-11.898],[0,0],[11.641,0.105]],"o":[[0,0],[0.18,-11.898],[11.641,0.105],[0,0],[-0.181,11.897],[-11.642,-0.104]],"v":[[-21.914,49.054],[-20.418,-49.433],[1.077,-70.877],[21.915,-49.054],[20.419,49.434],[-1.076,70.876]],"c":true},"ix":2},"nm":"Path 1","mn":"ADBE Vector Shape - Group","hd":false},{"ty":"fl","c":{"a":0,"k":[0.913999968884,0.57599995931,0.486000001197,1],"ix":4},"o":{"a":0,"k":100,"ix":5},"r":1,"nm":"Fill 1","mn":"ADBE Vector Graphic - Fill","hd":false},{"ty":"tr","p":{"a":0,"k":[22.345,71.231],"ix":2},"a":{"a":0,"k":[0,0],"ix":1},"s":{"a":0,"k":[100,100],"ix":3},"r":{"a":0,"k":0,"ix":6},"o":{"a":0,"k":100,"ix":7},"sk":{"a":0,"k":0,"ix":4},"sa":{"a":0,"k":0,"ix":5},"nm":"Transform"}],"nm":"Group 1","np":2,"cix":2,"ix":1,"mn":"ADBE Vector Group","hd":false}],"ip":0,"op":900.000036657751,"st":0,"bm":0},{"ddd":0,"ind":21,"ty":3,"nm":"IK_zero Elbow R Outlines","parent":10,"sr":1,"ks":{"o":{"a":0,"k":0,"ix":11},"r":{"a":0,"k":0,"ix":10},"p":{"a":0,"k":[22.078,78.781,0],"ix":2,"x":"var $bm_rt;\nvar layer1, controller, ctrlEffect, stretch, auto, IK, shrinkVal, dist1, dist2, IKLength, IKStretched, boneStretch, proportion, posC, posR, distC, shrinkMax, shrink, shrink, boneStretch, boneStretch, boneStretch, coef, coef, coef, coef;\nlayer1 = thisComp.layer('Shoulder R Outlines');\ncontroller = thisComp.layer('C_Elbow R Outlines');\nctrlEffect = controller.effect('IK Elbow R Outlines');\nstretch = ctrlEffect(9);\nauto = ctrlEffect(8) == 1;\nIK = ctrlEffect(3) == 0;\nshrinkVal = div(ctrlEffect(10), 100);\nfunction getWorldPos(L) {\n    return L.toWorld(L.anchorPoint);\n}\ndist1 = length([\n    26.3130035400391,\n    25.6805038452148,\n    0\n], [\n    35.4846299452508,\n    131.87570542463,\n    0\n]);\ndist2 = length([\n    24.078498840332,\n    14.7809982299805,\n    0\n], [\n    22.0784727769171,\n    78.7809868484559,\n    0\n]);\nIKLength = sum(dist1, dist2);\nIKStretched = sum(IKLength, stretch);\nboneStretch = 0;\nproportion = div(dist2, IKLength);\nposC = getWorldPos(controller);\nposR = getWorldPos(layer1);\ndistC = length(posC, posR);\nshrinkMax = mul(IKLength, shrinkVal);\nshrink = 0;\nif (distC < IKStretched && IK)\n    shrink = sub(1, div(distC, IKStretched));\nboneStretch = sub(boneStretch, mul(easeOut(shrink, 0, shrinkMax), proportion));\nif (distC > IKStretched && auto && IK)\n    boneStretch = sum(boneStretch, mul(sub(distC, IKLength), proportion));\nelse\n    boneStretch = sum(boneStretch, mul(stretch, proportion));\ncoef = 1;\ndist2 != 0 ? coef = div(sum(dist2, boneStretch), dist2) : coef = 1;\n$bm_rt = sum(mul(sub([\n    22.0784727769171,\n    78.7809868484559,\n    0\n], [\n    24.078498840332,\n    14.7809982299805,\n    0\n]), coef), [\n    24.078498840332,\n    14.7809982299805,\n    0\n]);"},"a":{"a":0,"k":[0,0,0],"ix":1},"s":{"a":0,"k":[100,100,100],"ix":6}},"ao":0,"ip":0,"op":900.000036657751,"st":0,"bm":0},{"ddd":0,"ind":22,"ty":3,"nm":"IK_zero Knee R Outlines","parent":14,"sr":1,"ks":{"o":{"a":0,"k":0,"ix":11},"r":{"a":0,"k":0,"ix":10},"p":{"a":0,"k":[24.25,126.82,0],"ix":2,"x":"var $bm_rt;\nvar layer1, controller, ctrlEffect, stretch, auto, IK, shrinkVal, dist1, dist2, IKLength, IKStretched, boneStretch, proportion, posC, posR, distC, shrinkMax, shrink, shrink, boneStretch, boneStretch, boneStretch, coef, coef, coef, coef;\nlayer1 = thisComp.layer('Tigh R Outlines');\ncontroller = thisComp.layer('C_Knee R Outlines');\nctrlEffect = controller.effect('IK Knee R Outlines');\nstretch = ctrlEffect(9);\nauto = ctrlEffect(8) == 1;\nIK = ctrlEffect(3) == 0;\nshrinkVal = div(ctrlEffect(10), 100);\nfunction getWorldPos(L) {\n    return L.toWorld(L.anchorPoint);\n}\ndist1 = length([\n    24.25,\n    19.8195037841797,\n    0\n], [\n    28.25,\n    166.680801391602,\n    0\n]);\ndist2 = length([\n    28.25,\n    16.8195037841797,\n    0\n], [\n    24.25,\n    126.819518811172,\n    0\n]);\nIKLength = sum(dist1, dist2);\nIKStretched = sum(IKLength, stretch);\nboneStretch = 0;\nproportion = div(dist2, IKLength);\nposC = getWorldPos(controller);\nposR = getWorldPos(layer1);\ndistC = length(posC, posR);\nshrinkMax = mul(IKLength, shrinkVal);\nshrink = 0;\nif (distC < IKStretched && IK)\n    shrink = sub(1, div(distC, IKStretched));\nboneStretch = sub(boneStretch, mul(easeOut(shrink, 0, shrinkMax), proportion));\nif (distC > IKStretched && auto && IK)\n    boneStretch = sum(boneStretch, mul(sub(distC, IKLength), proportion));\nelse\n    boneStretch = sum(boneStretch, mul(stretch, proportion));\ncoef = 1;\ndist2 != 0 ? coef = div(sum(dist2, boneStretch), dist2) : coef = 1;\n$bm_rt = sum(mul(sub([\n    24.25,\n    126.819518811172,\n    0\n], [\n    28.25,\n    16.8195037841797,\n    0\n]), coef), [\n    28.25,\n    16.8195037841797,\n    0\n]);"},"a":{"a":0,"k":[0,0,0],"ix":1},"s":{"a":0,"k":[100,100,100],"ix":6}},"ao":0,"ip":0,"op":900.000036657751,"st":0,"bm":0},{"ddd":0,"ind":23,"ty":3,"nm":"IK_zero Knee L Outlines","parent":18,"sr":1,"ks":{"o":{"a":0,"k":0,"ix":11},"r":{"a":0,"k":0,"ix":10},"p":{"a":0,"k":[22.25,95.82,0],"ix":2,"x":"var $bm_rt;\nvar layer1, controller, ctrlEffect, stretch, auto, IK, shrinkVal, dist1, dist2, IKLength, IKStretched, boneStretch, proportion, posC, posR, distC, shrinkMax, shrink, shrink, boneStretch, boneStretch, boneStretch, coef, coef, coef, coef;\nlayer1 = thisComp.layer('Tigh L Outlines');\ncontroller = thisComp.layer('C_Knee L Outlines');\nctrlEffect = controller.effect('IK Knee L Outlines');\nstretch = ctrlEffect(9);\nauto = ctrlEffect(8) == 1;\nIK = ctrlEffect(3) == 0;\nshrinkVal = div(ctrlEffect(10), 100);\nfunction getWorldPos(L) {\n    return L.toWorld(L.anchorPoint);\n}\ndist1 = length([\n    25.25,\n    24.8195037841797,\n    0\n], [\n    25.25,\n    176.680801391602,\n    0\n]);\ndist2 = length([\n    26.25,\n    23.8195037841797,\n    0\n], [\n    22.25,\n    95.8195188111721,\n    0\n]);\nIKLength = sum(dist1, dist2);\nIKStretched = sum(IKLength, stretch);\nboneStretch = 0;\nproportion = div(dist2, IKLength);\nposC = getWorldPos(controller);\nposR = getWorldPos(layer1);\ndistC = length(posC, posR);\nshrinkMax = mul(IKLength, shrinkVal);\nshrink = 0;\nif (distC < IKStretched && IK)\n    shrink = sub(1, div(distC, IKStretched));\nboneStretch = sub(boneStretch, mul(easeOut(shrink, 0, shrinkMax), proportion));\nif (distC > IKStretched && auto && IK)\n    boneStretch = sum(boneStretch, mul(sub(distC, IKLength), proportion));\nelse\n    boneStretch = sum(boneStretch, mul(stretch, proportion));\ncoef = 1;\ndist2 != 0 ? coef = div(sum(dist2, boneStretch), dist2) : coef = 1;\n$bm_rt = sum(mul(sub([\n    22.25,\n    95.8195188111721,\n    0\n], [\n    26.25,\n    23.8195037841797,\n    0\n]), coef), [\n    26.25,\n    23.8195037841797,\n    0\n]);"},"a":{"a":0,"k":[0,0,0],"ix":1},"s":{"a":0,"k":[100,100,100],"ix":6}},"ao":0,"ip":0,"op":900.000036657751,"st":0,"bm":0},{"ddd":0,"ind":24,"ty":3,"nm":"IK_zero Elow L Outlines","parent":20,"sr":1,"ks":{"o":{"a":0,"k":0,"ix":11},"r":{"a":0,"k":0,"ix":10},"p":{"a":0,"k":[15.345,96.231,0],"ix":2,"x":"var $bm_rt;\nvar layer1, controller, ctrlEffect, stretch, auto, IK, shrinkVal, dist1, dist2, IKLength, IKStretched, boneStretch, proportion, posC, posR, distC, shrinkMax, shrink, shrink, boneStretch, boneStretch, boneStretch, coef, coef, coef, coef;\nlayer1 = thisComp.layer('Shoulder L Outlines');\ncontroller = thisComp.layer('C_Elow L Outlines');\nctrlEffect = controller.effect('IK Elow L Outlines');\nstretch = ctrlEffect(9);\nauto = ctrlEffect(8) == 1;\nIK = ctrlEffect(3) == 0;\nshrinkVal = div(ctrlEffect(10), 100);\nfunction getWorldPos(L) {\n    return L.toWorld(L.anchorPoint);\n}\ndist1 = length([\n    28.2884979248047,\n    29.0265045166016,\n    0\n], [\n    24.4838513000177,\n    133.091941410292,\n    0\n]);\ndist2 = length([\n    25.3450012207031,\n    26.2305068969727,\n    0\n], [\n    15.3450061218573,\n    96.230514717775,\n    0\n]);\nIKLength = sum(dist1, dist2);\nIKStretched = sum(IKLength, stretch);\nboneStretch = 0;\nproportion = div(dist2, IKLength);\nposC = getWorldPos(controller);\nposR = getWorldPos(layer1);\ndistC = length(posC, posR);\nshrinkMax = mul(IKLength, shrinkVal);\nshrink = 0;\nif (distC < IKStretched && IK)\n    shrink = sub(1, div(distC, IKStretched));\nboneStretch = sub(boneStretch, mul(easeOut(shrink, 0, shrinkMax), proportion));\nif (distC > IKStretched && auto && IK)\n    boneStretch = sum(boneStretch, mul(sub(distC, IKLength), proportion));\nelse\n    boneStretch = sum(boneStretch, mul(stretch, proportion));\ncoef = 1;\ndist2 != 0 ? coef = div(sum(dist2, boneStretch), dist2) : coef = 1;\n$bm_rt = sum(mul(sub([\n    15.3450061218573,\n    96.230514717775,\n    0\n], [\n    25.3450012207031,\n    26.2305068969727,\n    0\n]), coef), [\n    25.3450012207031,\n    26.2305068969727,\n    0\n]);"},"a":{"a":0,"k":[0,0,0],"ix":1},"s":{"a":0,"k":[100,100,100],"ix":6}},"ao":0,"ip":0,"op":900.000036657751,"st":0,"bm":0}],"markers":[]}